temperature,humidity,moisture,soil_type,crop_type,nitrogen,phosphorus,potassium,fertilizer_name
26.2,87.0,63.9,Clayey,Sugarcane,21.8,22.6,11.9,Urea
33.0,72.5,21.2,Loamy,Cotton,131.4,0.1,203.4,DAP
33.3,30.4,21.4,Black,Maize,56.0,6.8,199.6,DAP
17.7,67.1,42.9,Red,Rice,6.5,88.1,35.0,NPK 10-26-26
43.3,63.8,43.1,Loamy,Sugarcane,32.3,34.9,140.1,Urea
40.0,40.4,43.5,Loamy,Cotton,43.6,75.4,112.1,NPK 20-20-20
44.1,76.5,76.4,Peaty,Cotton,83.7,133.7,18.1,MOP
16.4,49.5,43.3,Loamy,Pulses,116.0,51.7,57.6,SSP
19.2,78.1,24.5,Sandy,Rice,27.8,0.8,167.2,Urea
36.9,76.3,24.4,Loamy,Rice,128.1,123.3,92.1,SSP
24.3,49.5,63.8,Peaty,Maize,78.6,55.5,199.2,SSP
36.7,44.2,35.4,Black,Rice,99.5,16.1,90.1,DAP
41.9,58.5,53.8,Red,Millets,19.5,87.6,110.7,Urea
43.3,65.9,61.7,Red,Wheat,87.4,42.9,21.6,MOP
21.6,55.0,73.0,Loamy,Pulses,125.5,46.1,22.6,MOP
27.8,79.1,71.6,Peaty,Maize,58.4,32.2,24.6,DAP
43.3,49.4,51.1,Sandy,Cotton,50.9,140.9,197.3,NPK 20-20-20
29.9,48.1,37.1,Sandy,Maize,85.3,72.9,10.6,MOP
42.2,44.4,28.7,Red,Wheat,138.0,35.1,137.8,DAP
22.1,73.7,42.1,Red,Wheat,88.7,77.7,18.5,MOP
24.6,41.2,22.4,Red,Cotton,94.9,2.4,105.0,DAP
34.4,40.5,61.5,Loamy,Rice,94.6,106.6,42.9,NPK 20-20-20
35.9,43.7,30.5,Sandy,Cotton,74.2,35.1,19.1,DAP
42.0,68.0,40.3,Black,Maize,101.6,130.1,181.9,Ammonium Sulphate
34.3,35.0,29.7,Peaty,Cotton,81.3,54.0,192.7,SSP
23.5,48.3,49.1,Black,Sugarcane,31.4,103.3,48.6,Urea
37.4,69.0,71.0,Sandy,Rice,76.0,73.8,130.4,NPK 20-20-20
32.7,88.7,49.2,Black,Maize,111.3,72.9,118.3,Ammonium Sulphate
20.9,73.3,36.8,Black,Rice,6.1,144.2,96.3,Urea
41.5,74.9,77.2,Clayey,Rice,77.4,83.0,201.0,NPK 20-20-20
26.6,81.1,39.0,Loamy,Rice,55.3,122.4,190.7,DAP
33.5,89.4,28.4,Black,Wheat,122.8,107.4,142.9,Ammonium Sulphate
25.8,47.6,68.6,Black,Wheat,121.4,132.4,104.8,Ammonium Sulphate
38.9,69.0,62.1,Peaty,Cotton,124.1,4.0,118.7,DAP
35.2,49.7,29.3,Peaty,Sugarcane,117.5,124.8,51.3,SSP
25.8,37.6,51.3,Clayey,Cotton,30.2,90.3,17.5,NPK 10-26-26
27.3,72.0,28.3,Clayey,Wheat,72.3,46.8,163.0,SSP
28.2,34.7,21.5,Clayey,Millets,117.0,100.9,83.8,NPK 20-20-20
19.7,45.0,53.0,Sandy,Sugarcane,39.2,138.5,151.3,Urea
33.4,55.2,34.9,Black,Sugarcane,16.8,49.6,18.8,Ammonium Sulphate
40.7,72.2,48.5,Loamy,Wheat,68.8,68.7,35.5,MOP
27.0,67.0,58.1,Loamy,Cotton,52.4,90.7,103.1,NPK 20-20-20
34.8,39.8,24.2,Loamy,Rice,121.4,92.3,164.2,Ammonium Sulphate
32.2,37.7,68.7,Black,Sugarcane,87.6,119.0,133.6,NPK 20-20-20
23.2,42.9,42.6,Clayey,Maize,86.6,48.8,134.4,SSP
35.4,50.4,35.6,Red,Wheat,97.5,91.2,179.9,NPK 20-20-20
39.1,46.9,30.6,Sandy,Maize,138.7,59.8,76.3,SSP
25.2,85.8,71.5,Sandy,Pulses,105.1,109.4,21.1,MOP
30.2,79.6,39.2,Black,Maize,54.5,1.6,185.6,SSP
43.7,70.6,49.0,Loamy,Pulses,11.7,13.3,123.5,Urea
21.4,86.8,66.9,Clayey,Sugarcane,69.2,8.3,112.7,DAP
41.6,51.1,27.0,Red,Rice,106.6,89.6,20.7,NPK 20-20-20
21.7,53.8,73.5,Loamy,Sugarcane,71.9,33.8,119.2,DAP
41.4,44.2,74.5,Clayey,Cotton,49.0,102.7,98.7,NPK 20-20-20
36.2,44.9,39.8,Peaty,Maize,35.5,58.8,117.2,Urea
38.0,79.4,64.7,Black,Sugarcane,33.3,58.0,97.9,Urea
21.7,87.8,20.7,Clayey,Sugarcane,45.2,6.3,189.6,DAP
22.6,71.7,24.5,Sandy,Rice,97.4,65.9,128.6,NPK 20-20-20
42.0,32.7,36.9,Peaty,Cotton,14.9,48.7,34.8,Urea
26.6,43.8,36.0,Clayey,Rice,36.4,65.7,6.6,Urea
27.3,66.2,36.3,Clayey,Millets,10.7,136.4,85.4,Urea
42.6,35.0,72.6,Black,Sugarcane,23.1,59.6,159.4,Urea
44.6,52.6,65.0,Sandy,Millets,116.1,82.5,13.0,SSP
23.2,33.4,71.9,Sandy,Sugarcane,140.0,144.5,113.9,Ammonium Sulphate
43.3,81.0,34.8,Peaty,Rice,18.1,138.3,124.3,Urea
35.2,67.1,41.5,Loamy,Wheat,72.8,112.0,106.6,NPK 20-20-20
31.6,63.7,72.6,Sandy,Rice,18.8,4.2,154.8,Urea
36.1,42.8,28.2,Red,Wheat,49.1,85.5,80.4,NPK 20-20-20
42.1,50.9,50.8,Red,Millets,87.1,125.0,194.7,Urea
29.8,45.5,47.5,Loamy,Millets,69.0,47.7,129.8,NPK 10-26-26
17.3,37.7,27.7,Black,Millets,97.7,26.1,142.8,DAP
41.2,60.9,78.4,Clayey,Wheat,31.3,119.2,70.7,Urea
16.0,62.9,52.1,Red,Wheat,125.2,18.7,67.7,DAP
17.8,58.9,61.3,Peaty,Maize,128.9,8.9,56.8,DAP
37.4,41.1,32.6,Peaty,Millets,86.6,53.5,94.8,SSP
16.1,45.1,62.8,Peaty,Maize,74.5,15.5,91.7,DAP
22.3,46.2,42.6,Loamy,Pulses,45.1,30.7,67.1,Urea
25.3,58.4,41.3,Sandy,Sugarcane,67.1,84.7,151.0,NPK 20-20-20
32.6,63.9,42.7,Clayey,Millets,126.0,88.1,50.1,NPK 20-20-20
24.9,86.0,20.5,Clayey,Millets,51.1,70.7,174.4,Ammonium Sulphate
20.2,83.8,24.8,Black,Pulses,57.5,142.4,23.0,MOP
44.1,81.9,69.0,Sandy,Millets,23.9,97.0,190.5,Urea
32.1,46.8,66.2,Peaty,Wheat,45.3,61.7,104.1,NPK 10-26-26
18.4,66.6,37.3,Clayey,Millets,21.6,69.8,109.2,DAP
28.6,62.9,52.9,Loamy,Sugarcane,95.8,12.7,28.5,Urea
32.9,58.3,44.7,Peaty,Pulses,130.1,120.4,197.8,MOP
43.2,40.9,24.0,Peaty,Cotton,117.9,20.3,163.0,DAP
19.9,39.9,68.9,Black,Millets,73.2,52.0,179.8,SSP
39.5,56.3,42.6,Black,Sugarcane,42.2,108.4,103.1,NPK 20-20-20
42.0,53.0,52.6,Black,Pulses,16.4,136.3,128.7,Urea
19.2,77.6,57.2,Red,Millets,125.1,114.3,31.1,MOP
22.5,74.6,22.0,Peaty,Wheat,106.7,127.1,70.1,NPK 20-20-20
18.3,80.8,27.6,Clayey,Sugarcane,68.1,59.3,158.2,MOP
35.8,62.6,35.1,Clayey,Cotton,25.4,131.7,119.6,Urea
28.9,86.8,29.2,Clayey,Millets,14.1,37.1,148.8,Urea
18.1,85.1,67.4,Clayey,Pulses,21.4,83.6,124.4,Urea
37.1,86.1,75.5,Sandy,Millets,33.0,24.0,38.2,Urea
25.0,48.7,33.6,Clayey,Pulses,7.7,48.6,164.6,Urea
18.4,54.9,71.8,Peaty,Wheat,65.2,69.7,188.3,NPK 10-26-26
16.0,84.8,34.9,Sandy,Pulses,23.2,4.9,63.9,Urea
23.3,43.2,32.8,Sandy,Pulses,136.6,66.6,114.2,Ammonium Sulphate
31.1,41.1,38.0,Clayey,Millets,105.0,30.4,184.1,DAP
20.7,32.2,48.3,Black,Wheat,41.2,103.5,108.2,NPK 20-20-20
29.4,59.8,65.9,Red,Rice,46.8,10.9,154.4,DAP
41.9,61.6,68.0,Red,Wheat,121.4,59.2,113.1,Ammonium Sulphate
20.9,60.3,55.7,Sandy,Pulses,79.7,128.7,114.1,NPK 20-20-20
39.2,89.3,56.2,Peaty,Maize,134.8,136.9,28.9,MOP
24.7,35.2,58.0,Sandy,Pulses,118.7,17.8,179.7,DAP
36.1,84.6,57.5,Black,Wheat,115.5,52.6,7.0,MOP
25.4,76.4,41.8,Clayey,Cotton,30.7,141.3,159.9,Ammonium Sulphate
29.6,83.7,68.0,Sandy,Wheat,3.1,39.0,111.0,Urea
22.7,38.4,70.1,Red,Wheat,73.6,24.9,55.8,DAP
30.9,78.9,49.9,Loamy,Rice,56.7,72.1,147.6,Ammonium Sulphate
19.1,84.0,72.4,Loamy,Cotton,88.6,71.7,117.5,NPK 20-20-20
27.1,76.3,45.3,Loamy,Cotton,134.2,26.7,18.5,DAP
17.0,80.2,46.2,Red,Rice,101.0,88.5,194.6,Ammonium Sulphate
43.6,38.1,49.0,Loamy,Cotton,75.6,23.5,172.5,DAP
43.7,39.3,57.4,Loamy,Sugarcane,48.2,51.0,84.6,NPK 10-26-26
32.9,57.6,24.6,Loamy,Sugarcane,0.3,140.3,1.1,NPK 20-20-20
17.7,85.0,28.2,Loamy,Rice,62.4,26.8,111.1,DAP
37.0,78.4,59.5,Peaty,Millets,137.3,131.0,132.6,Ammonium Sulphate
16.5,70.2,22.6,Sandy,Pulses,77.8,68.6,64.1,SSP
23.9,85.5,78.3,Clayey,Wheat,104.3,8.0,93.3,DAP
34.3,69.0,41.9,Red,Cotton,67.3,128.3,108.7,NPK 20-20-20
27.1,64.3,68.2,Red,Sugarcane,92.6,107.0,106.6,NPK 20-20-20
41.3,55.1,47.7,Loamy,Millets,0.0,26.9,78.7,Urea
17.1,30.6,23.2,Sandy,Sugarcane,5.3,69.6,119.1,Urea
26.9,35.5,40.2,Red,Sugarcane,102.5,0.5,95.8,DAP
40.6,72.9,55.3,Sandy,Sugarcane,138.3,62.0,78.8,NPK 20-20-20
21.5,87.0,67.2,Black,Cotton,58.5,127.5,193.7,NPK 20-20-20
33.4,40.0,79.5,Black,Cotton,117.3,33.4,170.3,MOP
20.3,43.2,31.2,Black,Millets,112.1,91.3,44.3,NPK 20-20-20
32.9,61.5,35.6,Black,Wheat,68.8,144.5,184.0,NPK 20-20-20
33.7,74.9,22.1,Red,Millets,120.4,66.3,80.2,NPK 20-20-20
29.3,32.7,71.1,Loamy,Rice,46.1,135.1,150.7,NPK 20-20-20
22.6,30.3,61.7,Loamy,Wheat,11.3,31.9,140.1,Urea
16.8,83.0,51.0,Black,Wheat,80.0,96.0,111.5,NPK 20-20-20
37.0,61.3,72.1,Red,Rice,22.0,23.3,68.5,Urea
42.9,36.4,61.9,Red,Pulses,123.4,139.4,95.4,NPK 20-20-20
15.2,79.2,33.7,Loamy,Cotton,77.9,109.7,53.0,NPK 20-20-20
17.5,49.6,53.6,Loamy,Cotton,1.3,118.7,26.3,Urea
15.6,55.9,70.4,Red,Cotton,25.1,109.3,161.7,Urea
38.1,86.8,30.0,Red,Millets,99.2,68.7,11.9,DAP
41.1,88.4,78.1,Red,Maize,18.2,109.9,5.0,Ammonium Sulphate
26.2,79.1,35.2,Loamy,Wheat,38.3,144.6,87.4,Urea
19.9,77.7,61.6,Red,Wheat,108.2,33.4,26.9,DAP
43.9,31.9,63.9,Clayey,Maize,135.0,110.2,90.7,NPK 20-20-20
24.6,73.5,64.8,Black,Rice,91.2,53.4,177.2,SSP
44.0,41.1,72.1,Clayey,Pulses,63.5,76.9,3.7,MOP
23.8,84.7,78.1,Red,Millets,64.7,0.2,122.7,DAP
22.4,63.5,33.5,Red,Pulses,91.2,47.3,121.0,SSP
44.5,39.0,47.9,Peaty,Wheat,67.2,87.0,59.8,NPK 20-20-20
40.8,76.8,22.4,Peaty,Maize,14.7,35.1,202.3,Ammonium Sulphate
33.5,72.1,53.6,Loamy,Cotton,10.1,77.5,180.9,NPK 20-20-20
17.4,53.8,28.0,Loamy,Millets,97.0,119.1,8.4,MOP
43.5,37.5,73.8,Sandy,Millets,86.3,88.9,61.3,NPK 20-20-20
43.4,67.5,67.0,Black,Pulses,11.2,129.7,112.3,Urea
28.6,68.6,51.6,Loamy,Millets,11.4,8.8,50.7,Urea
41.2,43.2,78.6,Red,Sugarcane,25.5,114.5,135.0,Urea
31.7,73.2,33.7,Sandy,Maize,91.0,28.9,139.4,SSP
21.1,80.4,30.5,Clayey,Pulses,58.2,122.7,128.9,NPK 20-20-20
38.0,60.3,52.6,Black,Rice,61.4,105.2,99.8,NPK 20-20-20
42.0,55.3,36.6,Black,Wheat,127.7,30.5,127.7,DAP
37.0,37.9,62.9,Peaty,Pulses,88.6,54.1,105.1,SSP
17.1,56.2,25.8,Clayey,Pulses,83.0,84.0,135.8,Urea
26.7,88.2,35.5,Clayey,Sugarcane,45.5,112.2,26.8,MOP
28.6,44.2,24.4,Peaty,Wheat,62.8,97.1,29.9,MOP
32.6,86.9,35.2,Peaty,Cotton,53.1,87.8,73.1,NPK 20-20-20
38.5,72.3,46.8,Peaty,Cotton,75.6,5.0,202.3,NPK 20-20-20
43.1,32.4,27.3,Peaty,Sugarcane,130.7,45.8,104.0,DAP
26.9,58.8,61.2,Peaty,Wheat,45.2,141.1,118.9,NPK 20-20-20
30.7,50.6,51.9,Peaty,Sugarcane,20.1,136.3,150.2,Urea
20.7,73.8,29.4,Peaty,Sugarcane,134.9,37.0,135.6,DAP
26.2,31.1,34.6,Loamy,Pulses,79.9,4.4,190.8,DAP
35.3,42.9,59.5,Clayey,Sugarcane,80.8,50.5,32.7,MOP
24.5,82.0,79.6,Clayey,Rice,12.7,41.9,22.4,Urea
38.0,85.5,46.3,Loamy,Wheat,122.9,46.0,178.1,Ammonium Sulphate
23.9,68.9,39.7,Sandy,Cotton,85.4,81.7,78.0,NPK 20-20-20
32.9,62.7,46.7,Peaty,Wheat,82.2,24.4,131.7,DAP
30.0,62.5,77.1,Loamy,Millets,128.0,118.0,22.3,NPK 20-20-20
22.4,58.6,43.7,Peaty,Millets,100.5,138.6,3.7,MOP
15.2,68.8,73.9,Sandy,Cotton,129.8,8.7,191.6,DAP
18.0,59.2,35.4,Red,Millets,43.0,116.4,110.5,NPK 20-20-20
33.3,73.0,36.4,Red,Wheat,17.1,26.3,139.6,Urea
30.8,72.5,26.4,Loamy,Sugarcane,35.9,139.6,99.1,Urea
31.5,32.6,58.0,Black,Sugarcane,84.2,118.8,181.3,NPK 20-20-20
21.4,66.7,44.7,Clayey,Wheat,126.0,51.2,48.6,SSP
23.2,79.4,45.4,Loamy,Rice,13.4,90.5,92.6,Urea
20.0,74.2,71.8,Clayey,Rice,25.0,45.3,47.2,Urea
34.1,45.4,57.9,Sandy,Millets,19.8,39.8,122.4,Urea
28.3,56.7,63.5,Black,Pulses,47.8,118.7,123.7,NPK 20-20-20
42.2,76.4,35.9,Clayey,Rice,83.4,58.2,75.2,SSP
33.5,56.5,69.9,Red,Sugarcane,9.8,92.8,55.6,Urea
35.4,43.8,47.4,Peaty,Millets,7.3,54.9,74.4,Urea
28.4,50.0,54.8,Loamy,Cotton,134.6,92.1,154.7,Ammonium Sulphate
27.3,55.4,69.3,Red,Rice,42.1,142.3,97.4,NPK 20-20-20
18.6,88.4,21.2,Red,Cotton,34.1,97.4,19.1,Urea
38.6,81.9,56.5,Red,Millets,22.3,9.2,24.1,Urea
25.3,52.9,40.8,Sandy,Rice,71.4,119.7,57.3,NPK 20-20-20
41.2,39.7,67.2,Peaty,Cotton,119.2,30.2,190.8,DAP
33.8,70.5,51.9,Peaty,Millets,19.8,30.7,167.8,Urea
15.7,39.2,33.4,Peaty,Cotton,80.2,135.2,117.9,NPK 20-20-20
24.4,66.4,28.4,Peaty,Millets,24.5,72.9,81.7,NPK 20-20-20
18.7,58.7,50.4,Red,Sugarcane,76.9,140.0,88.7,NPK 20-20-20
30.2,56.4,26.3,Peaty,Sugarcane,2.5,87.4,74.8,Urea
31.9,41.5,32.7,Peaty,Maize,105.6,89.8,61.0,NPK 20-20-20
20.1,34.5,67.0,Peaty,Maize,24.9,100.3,126.7,Urea
21.9,44.0,33.2,Clayey,Cotton,91.8,123.0,148.5,NPK 20-20-20
27.1,69.2,41.3,Black,Cotton,67.4,25.6,79.4,DAP
22.5,38.0,45.1,Peaty,Pulses,81.5,98.7,38.9,MOP
24.7,80.1,57.8,Clayey,Wheat,9.0,6.2,76.1,Urea
34.4,60.0,36.0,Clayey,Wheat,17.8,125.4,49.9,Urea
39.3,66.8,71.6,Loamy,Sugarcane,133.9,19.3,20.9,DAP
43.3,78.5,24.6,Sandy,Wheat,130.2,36.7,160.1,DAP
29.9,53.2,47.0,Sandy,Pulses,124.5,65.3,180.9,NPK 10-26-26
30.4,70.8,22.5,Sandy,Pulses,100.3,10.5,14.6,NPK 20-20-20
30.3,53.3,47.7,Red,Maize,135.9,136.6,160.7,Ammonium Sulphate
27.4,63.0,69.8,Loamy,Millets,11.6,74.6,184.3,Urea
21.8,88.6,60.0,Black,Rice,35.8,37.8,14.2,Urea
29.3,83.7,39.3,Red,Cotton,66.4,16.5,99.6,DAP
30.6,67.0,29.4,Loamy,Pulses,15.5,86.8,19.5,Urea
31.5,53.3,29.8,Red,Millets,130.0,98.0,101.7,NPK 20-20-20
23.6,79.0,71.7,Sandy,Cotton,128.6,36.6,154.8,DAP
40.3,73.7,66.6,Red,Maize,44.8,109.2,55.2,NPK 20-20-20
36.8,36.5,61.1,Red,Maize,135.1,70.8,30.9,MOP
27.4,75.5,64.6,Black,Pulses,14.8,22.0,19.2,Urea
41.3,56.0,29.7,Loamy,Rice,103.8,127.8,57.0,NPK 20-20-20
41.4,69.5,38.7,Clayey,Millets,86.2,27.3,72.9,DAP
31.6,30.3,65.7,Peaty,Cotton,104.4,29.4,196.4,DAP
24.8,38.9,38.3,Black,Sugarcane,17.5,55.9,131.9,Urea
21.5,38.3,59.8,Peaty,Pulses,0.5,89.8,72.9,Urea
17.8,65.3,48.9,Peaty,Maize,9.1,84.1,115.1,Urea
33.1,70.6,68.3,Red,Cotton,45.1,92.3,30.5,MOP
37.4,88.9,32.6,Red,Maize,61.6,21.4,67.3,DAP
17.7,43.2,55.9,Black,Pulses,139.8,135.3,131.7,Ammonium Sulphate
34.1,77.1,27.1,Peaty,Pulses,117.6,55.7,117.2,Ammonium Sulphate
20.5,51.7,40.1,Clayey,Maize,3.4,120.6,56.0,Urea
24.0,86.4,35.6,Peaty,Wheat,122.2,122.1,38.2,MOP
28.7,59.0,28.0,Red,Millets,101.9,72.0,89.6,NPK 20-20-20
38.0,39.5,56.6,Red,Rice,105.2,95.3,196.1,NPK 10-26-26
16.3,32.2,36.5,Red,Millets,34.9,39.4,155.7,Urea
38.3,33.9,49.3,Black,Cotton,86.8,81.5,70.9,NPK 20-20-20
38.2,35.2,34.2,Black,Cotton,17.9,127.9,80.7,Urea
38.6,67.5,49.7,Clayey,Wheat,20.3,105.1,39.2,Urea
24.3,86.8,78.0,Clayey,Rice,3.1,104.4,85.7,Ammonium Sulphate
31.8,61.4,26.9,Loamy,Cotton,101.2,9.8,145.1,DAP
17.5,57.5,49.1,Clayey,Sugarcane,132.4,123.2,137.1,Ammonium Sulphate
27.4,69.1,52.7,Peaty,Cotton,49.8,141.8,162.8,NPK 20-20-20
25.2,82.3,52.7,Red,Millets,105.6,2.6,25.9,DAP
19.8,45.3,76.8,Loamy,Cotton,108.1,3.9,13.4,DAP
42.3,62.3,49.9,Peaty,Pulses,91.9,119.2,78.0,NPK 20-20-20
43.9,42.2,51.4,Red,Cotton,106.0,40.1,64.0,SSP
20.9,83.8,51.2,Red,Cotton,78.1,24.1,125.8,DAP
41.9,40.1,50.4,Red,Rice,4.7,52.7,150.2,Urea
24.4,77.9,78.1,Black,Rice,112.5,73.3,198.3,Ammonium Sulphate
44.5,70.1,58.1,Red,Cotton,123.5,62.0,33.3,Urea
17.8,31.8,69.4,Loamy,Millets,53.1,141.2,69.1,NPK 20-20-20
42.5,36.6,65.6,Sandy,Maize,126.2,94.5,64.4,NPK 20-20-20
39.6,82.8,51.5,Clayey,Cotton,115.6,14.6,49.2,Urea
37.2,41.5,56.8,Peaty,Rice,117.8,68.3,200.7,Ammonium Sulphate
18.8,70.6,39.5,Red,Pulses,24.5,124.1,46.6,Urea
23.4,68.6,61.6,Sandy,Pulses,42.7,30.8,6.8,DAP
34.6,86.3,72.3,Sandy,Maize,8.3,130.3,133.4,Urea
15.0,40.1,43.4,Peaty,Millets,31.7,55.3,26.4,Urea
39.1,58.7,21.1,Peaty,Wheat,135.3,18.5,145.1,DAP
39.8,72.0,70.4,Clayey,Pulses,87.0,81.1,128.8,NPK 20-20-20
34.1,57.0,33.1,Clayey,Sugarcane,9.6,38.2,9.5,Urea
23.5,79.5,24.5,Sandy,Maize,102.2,86.8,13.2,MOP
41.3,49.8,40.4,Clayey,Millets,111.2,5.0,119.5,DAP
40.7,61.3,23.8,Red,Sugarcane,83.9,16.7,19.2,DAP
35.1,79.8,72.7,Sandy,Sugarcane,97.2,11.9,186.7,DAP
19.1,50.4,29.9,Peaty,Sugarcane,88.4,85.8,144.0,NPK 20-20-20
30.4,36.3,43.1,Clayey,Maize,91.3,137.8,123.1,NPK 20-20-20
30.2,68.0,24.3,Sandy,Wheat,50.7,68.5,9.4,NPK 10-26-26
29.1,57.0,48.4,Black,Millets,85.5,40.7,42.4,SSP
15.2,30.5,33.1,Black,Cotton,15.1,49.1,164.5,Urea
30.4,47.6,75.9,Sandy,Sugarcane,39.8,118.6,109.0,Urea
32.2,31.8,60.5,Peaty,Maize,63.1,134.8,33.9,MOP
36.9,82.9,60.3,Clayey,Cotton,94.4,43.0,147.3,SSP
36.6,81.8,20.1,Peaty,Sugarcane,116.1,5.9,178.7,DAP
35.0,78.0,59.8,Clayey,Maize,83.5,79.7,184.6,NPK 20-20-20
24.6,75.0,44.8,Clayey,Rice,90.5,128.8,122.7,NPK 20-20-20
19.2,36.9,29.3,Black,Cotton,89.3,107.4,108.6,NPK 20-20-20
44.7,79.2,61.7,Red,Maize,62.8,12.2,81.9,DAP
39.2,43.0,48.0,Sandy,Millets,118.4,100.4,88.1,NPK 20-20-20
23.3,48.4,67.3,Red,Cotton,111.8,119.3,175.8,Ammonium Sulphate
27.9,49.1,54.9,Loamy,Maize,84.2,102.3,141.1,NPK 20-20-20
20.0,55.8,28.6,Sandy,Rice,132.5,49.3,106.0,Ammonium Sulphate
15.2,53.2,67.5,Black,Rice,14.2,122.8,108.9,Urea
32.4,63.6,26.3,Sandy,Sugarcane,136.1,33.1,200.4,DAP
19.1,36.0,32.5,Black,Maize,22.4,3.4,155.0,Urea
23.7,84.0,27.0,Loamy,Cotton,44.0,128.8,123.6,NPK 20-20-20
44.5,47.3,77.7,Red,Rice,54.0,49.4,111.0,NPK 10-26-26
31.6,62.5,65.7,Black,Pulses,61.7,43.8,53.2,NPK 10-26-26
16.7,50.5,36.2,Red,Maize,78.1,50.4,119.0,MOP
19.5,79.0,32.4,Clayey,Rice,102.8,43.6,66.8,SSP
28.8,73.8,28.9,Clayey,Rice,99.5,131.5,27.1,MOP
33.0,51.2,47.5,Peaty,Sugarcane,104.4,79.7,11.8,MOP
29.0,32.1,78.2,Black,Maize,71.8,13.6,154.7,DAP
24.1,59.5,51.3,Peaty,Pulses,54.1,74.1,100.9,NPK 20-20-20
41.0,88.8,44.5,Black,Pulses,107.0,83.2,196.0,Ammonium Sulphate
18.3,81.2,46.3,Sandy,Rice,125.0,9.1,181.1,DAP
30.3,67.6,75.6,Loamy,Millets,96.3,104.8,142.0,Ammonium Sulphate
34.3,79.2,40.0,Black,Millets,134.0,1.3,204.6,DAP
39.9,47.7,20.9,Sandy,Cotton,116.8,107.4,29.3,MOP
38.1,69.5,66.0,Red,Maize,85.9,12.8,100.0,NPK 10-26-26
27.2,34.0,40.9,Black,Millets,113.2,137.4,14.8,MOP
30.7,48.0,24.6,Loamy,Wheat,33.9,69.3,29.8,Urea
35.0,42.7,71.8,Black,Pulses,130.1,58.7,185.8,Ammonium Sulphate
29.3,43.6,58.4,Clayey,Sugarcane,84.5,51.9,132.8,Urea
36.6,82.0,47.2,Red,Millets,10.0,99.0,49.6,Urea
39.7,78.2,53.2,Red,Sugarcane,128.4,104.5,82.3,NPK 20-20-20
41.5,79.4,63.3,Sandy,Cotton,56.3,14.9,38.8,DAP
36.5,65.6,73.7,Loamy,Rice,47.7,136.4,17.0,MOP
39.8,37.8,53.9,Loamy,Cotton,80.1,131.5,193.3,NPK 20-20-20
26.3,86.2,60.5,Sandy,Wheat,5.9,81.9,190.7,Urea
35.3,38.3,35.3,Black,Sugarcane,25.6,40.4,26.6,Urea
43.3,46.1,48.5,Black,Cotton,139.9,15.2,102.2,DAP
41.0,58.6,26.7,Peaty,Maize,51.8,7.6,157.4,DAP
39.7,81.0,32.7,Sandy,Millets,66.1,127.6,44.2,NPK 20-20-20
33.2,47.7,28.2,Red,Wheat,103.2,141.3,10.7,MOP
29.0,64.8,25.1,Black,Maize,93.4,119.4,160.3,NPK 20-20-20
18.0,71.3,34.5,Peaty,Wheat,2.7,18.0,84.8,Urea
27.1,61.9,55.7,Clayey,Maize,122.9,6.0,81.5,DAP
28.6,46.0,33.2,Red,Wheat,120.0,83.4,15.7,MOP
26.0,40.9,46.1,Clayey,Rice,108.2,75.1,71.4,NPK 20-20-20
15.0,48.0,58.8,Red,Pulses,94.6,79.3,170.1,NPK 20-20-20
23.7,42.4,29.1,Black,Sugarcane,32.0,35.8,99.2,Urea
29.2,33.5,77.5,Sandy,Pulses,109.9,143.7,111.6,Ammonium Sulphate
17.3,51.9,33.5,Red,Pulses,19.7,90.2,160.2,Urea
19.4,78.7,58.2,Red,Maize,36.4,50.1,188.1,Urea
29.1,83.4,62.5,Loamy,Wheat,20.6,1.1,129.3,Urea
19.0,87.5,51.8,Clayey,Wheat,95.1,11.1,56.3,DAP
28.8,62.8,46.0,Peaty,Maize,23.2,64.6,42.9,Urea
19.1,89.7,51.6,Red,Cotton,134.5,28.6,195.0,DAP
36.4,88.9,54.2,Black,Sugarcane,61.2,86.1,15.0,MOP
44.4,41.4,67.6,Black,Sugarcane,132.1,139.2,106.9,Ammonium Sulphate
37.7,39.7,48.6,Red,Pulses,32.5,66.4,160.2,Urea
37.9,81.3,56.2,Clayey,Wheat,109.8,54.7,113.2,Ammonium Sulphate
16.4,78.5,30.7,Black,Millets,60.0,4.2,98.6,DAP
18.6,47.3,43.9,Black,Wheat,139.1,6.5,156.0,DAP
26.8,75.3,75.1,Sandy,Pulses,80.8,51.8,161.4,SSP
31.9,51.5,59.4,Loamy,Rice,26.8,133.1,20.9,Urea
21.6,32.3,22.2,Sandy,Millets,121.3,41.0,194.8,Ammonium Sulphate
28.1,64.8,51.0,Loamy,Maize,39.5,51.2,183.3,Urea
41.8,55.2,66.8,Loamy,Cotton,69.7,29.7,121.2,DAP
24.9,81.3,32.4,Sandy,Maize,9.7,136.4,103.9,Urea
39.3,80.1,39.9,Loamy,Sugarcane,108.0,94.9,31.1,MOP
31.2,46.9,45.5,Clayey,Pulses,17.9,111.0,0.0,Urea
30.7,33.3,78.4,Peaty,Sugarcane,42.6,33.4,0.3,DAP
44.0,43.5,59.8,Sandy,Sugarcane,106.3,88.4,183.7,Ammonium Sulphate
22.6,46.3,27.5,Black,Pulses,112.9,142.8,154.6,Ammonium Sulphate
32.7,69.7,24.7,Loamy,Wheat,2.9,39.0,106.1,Urea
33.9,58.9,41.7,Red,Pulses,100.0,110.1,21.0,MOP
30.3,52.2,76.0,Loamy,Pulses,100.0,66.9,188.8,Ammonium Sulphate
36.9,81.7,36.4,Black,Rice,27.3,50.1,68.8,Urea
40.7,72.1,63.6,Clayey,Pulses,76.9,45.2,98.9,SSP
26.6,84.4,21.0,Black,Cotton,17.4,115.6,126.3,Urea
17.9,63.5,50.1,Peaty,Rice,74.8,78.4,88.1,NPK 20-20-20
29.5,37.1,77.7,Peaty,Maize,133.3,32.9,180.3,DAP
35.3,67.5,39.0,Peaty,Maize,70.2,10.3,64.1,DAP
40.5,88.9,57.7,Red,Cotton,26.2,2.9,80.1,Urea
27.3,86.1,45.8,Red,Millets,84.8,35.8,73.0,Urea
35.6,49.9,23.4,Red,Rice,89.8,97.4,129.6,NPK 20-20-20
27.6,75.1,26.1,Clayey,Wheat,131.8,132.6,2.4,MOP
44.3,36.2,52.9,Red,Millets,77.8,27.5,119.3,DAP
30.6,34.4,56.3,Loamy,Rice,103.6,91.5,112.7,Ammonium Sulphate
19.3,65.7,30.3,Peaty,Cotton,41.6,13.3,122.8,DAP
34.5,46.0,20.9,Black,Millets,35.1,98.0,144.9,Urea
24.4,46.3,55.9,Clayey,Cotton,132.5,15.4,31.7,DAP
37.1,83.0,32.2,Peaty,Cotton,98.2,98.6,83.7,NPK 10-26-26
43.1,62.5,76.4,Loamy,Cotton,101.6,89.5,151.6,Ammonium Sulphate
34.9,59.9,64.6,Loamy,Maize,124.6,12.2,165.5,DAP
39.5,60.8,46.3,Black,Cotton,85.9,92.5,49.6,NPK 20-20-20
17.7,42.0,72.6,Red,Pulses,4.1,51.6,3.2,DAP
16.9,57.5,64.0,Loamy,Rice,94.2,11.8,195.1,DAP
39.2,79.4,76.0,Clayey,Millets,55.6,74.5,51.9,NPK 20-20-20
23.7,76.2,45.6,Clayey,Millets,112.0,48.4,177.4,Ammonium Sulphate
40.8,32.1,67.2,Loamy,Sugarcane,122.3,92.5,170.9,Ammonium Sulphate
31.1,38.7,67.0,Loamy,Wheat,70.0,113.8,122.8,NPK 20-20-20
32.7,54.5,48.2,Red,Cotton,14.8,110.8,84.0,Urea
22.8,39.6,29.6,Clayey,Rice,26.0,96.3,180.7,Urea
35.6,36.6,37.4,Red,Cotton,35.0,74.7,109.8,Urea
25.6,79.7,67.4,Peaty,Pulses,133.4,47.4,72.7,SSP
43.2,82.6,26.2,Sandy,Millets,77.5,73.0,39.7,MOP
35.3,80.3,71.5,Black,Millets,61.5,88.5,32.9,MOP
20.4,71.6,33.8,Clayey,Rice,103.7,125.1,109.0,Ammonium Sulphate
23.9,62.5,40.7,Peaty,Maize,102.5,127.8,24.9,MOP
32.5,37.1,32.7,Black,Millets,23.4,35.3,54.9,Urea
37.5,64.3,79.2,Sandy,Pulses,105.5,126.4,139.2,Ammonium Sulphate
37.6,42.2,39.7,Clayey,Millets,80.6,3.2,193.7,DAP
29.9,86.0,46.3,Loamy,Rice,28.9,56.8,183.6,Urea
30.2,55.2,21.1,Sandy,Maize,9.7,68.8,114.9,Urea
35.7,45.2,20.6,Red,Rice,75.0,121.2,168.4,NPK 20-20-20
29.6,50.0,67.5,Peaty,Sugarcane,25.7,124.0,180.9,Urea
17.3,53.3,68.2,Black,Wheat,9.4,127.2,79.8,Urea
44.0,34.0,58.9,Clayey,Wheat,52.6,116.6,88.9,NPK 20-20-20
31.8,49.3,33.2,Peaty,Millets,52.2,10.0,75.8,DAP
36.7,69.4,62.5,Black,Millets,30.5,95.9,99.2,NPK 10-26-26
17.9,36.2,22.9,Red,Rice,81.7,113.4,154.1,NPK 20-20-20
30.5,38.4,60.3,Red,Sugarcane,54.1,96.1,71.1,NPK 20-20-20
19.8,45.5,56.3,Clayey,Wheat,124.5,83.9,129.6,Ammonium Sulphate
29.2,73.0,36.3,Black,Rice,33.8,31.2,87.1,Urea
30.2,41.3,24.6,Loamy,Wheat,53.6,119.2,135.2,NPK 20-20-20
23.2,71.5,35.8,Peaty,Maize,89.1,47.1,55.2,SSP
35.8,43.1,55.7,Peaty,Wheat,92.7,118.2,159.5,NPK 20-20-20
20.6,35.3,61.9,Red,Rice,60.5,4.5,53.2,NPK 20-20-20
41.7,79.5,57.8,Peaty,Wheat,109.7,62.2,41.2,NPK 20-20-20
37.1,56.2,60.0,Loamy,Wheat,104.7,117.8,144.9,Ammonium Sulphate
39.8,84.2,76.0,Black,Sugarcane,120.1,144.7,49.5,NPK 20-20-20
24.5,87.7,73.5,Clayey,Maize,56.8,2.0,16.4,DAP
15.5,31.0,75.0,Sandy,Cotton,5.5,121.4,127.0,Urea
33.7,81.9,55.2,Sandy,Cotton,138.7,109.7,90.7,NPK 20-20-20
26.7,43.7,55.8,Black,Millets,52.0,89.7,129.8,NPK 20-20-20
28.3,59.6,71.7,Loamy,Cotton,131.6,73.1,194.6,Ammonium Sulphate
25.9,81.8,26.6,Black,Sugarcane,88.4,7.9,132.1,DAP
17.1,63.3,64.9,Red,Rice,25.1,102.2,93.3,Urea
40.1,40.2,21.1,Sandy,Pulses,24.0,65.8,93.2,Urea
42.3,68.3,77.2,Clayey,Sugarcane,81.8,120.9,131.7,MOP
32.8,51.3,23.1,Clayey,Wheat,11.8,88.0,180.6,Urea
34.8,42.7,71.8,Black,Sugarcane,112.0,128.3,25.7,MOP
21.5,71.5,56.2,Sandy,Pulses,118.6,9.0,68.7,SSP
26.9,70.2,73.5,Clayey,Maize,77.3,114.5,85.3,NPK 20-20-20
29.2,33.3,76.5,Red,Pulses,20.6,141.1,155.7,Urea
28.2,46.7,67.9,Peaty,Sugarcane,32.6,18.8,52.6,Urea
35.2,33.8,32.6,Peaty,Cotton,20.6,49.7,177.3,Urea
17.5,59.1,38.1,Red,Millets,112.5,19.9,119.0,DAP
19.3,67.4,36.4,Peaty,Pulses,11.5,66.6,62.8,Urea
16.7,55.1,47.5,Clayey,Rice,80.4,96.7,159.3,NPK 20-20-20
24.4,62.3,70.4,Sandy,Rice,131.7,2.3,107.2,DAP
34.7,63.6,61.2,Red,Pulses,16.4,116.0,25.3,Urea
27.5,60.8,74.2,Clayey,Rice,114.5,74.0,150.9,Ammonium Sulphate
41.1,54.2,78.2,Sandy,Sugarcane,92.6,20.5,117.0,DAP
23.4,43.1,31.0,Loamy,Millets,84.5,83.6,114.5,NPK 20-20-20
38.6,45.2,76.3,Black,Cotton,77.9,122.5,163.2,NPK 20-20-20
35.2,43.2,33.1,Loamy,Cotton,35.0,38.2,0.1,Urea
38.8,67.6,65.0,Peaty,Cotton,64.2,50.9,19.2,MOP
42.6,32.4,37.5,Black,Wheat,110.0,85.5,1.3,MOP
36.1,66.9,65.6,Sandy,Millets,139.9,111.6,81.6,NPK 20-20-20
20.1,31.8,32.3,Sandy,Maize,86.1,132.0,104.5,NPK 20-20-20
16.5,32.1,53.1,Red,Rice,117.5,23.3,5.1,DAP
22.1,33.0,63.5,Peaty,Rice,85.2,40.8,35.6,MOP
39.0,53.5,65.0,Black,Pulses,108.2,34.4,138.9,DAP
42.9,53.2,24.0,Clayey,Sugarcane,115.8,76.1,158.9,Ammonium Sulphate
25.4,31.8,77.7,Black,Pulses,37.2,88.7,139.1,Urea
40.4,86.8,73.1,Red,Millets,38.8,40.8,197.5,Urea
36.2,67.4,79.4,Loamy,Cotton,47.6,11.4,90.8,DAP
25.3,80.1,76.1,Loamy,Cotton,27.8,23.9,49.2,Urea
23.2,50.5,46.9,Loamy,Maize,34.5,68.3,135.7,Urea
37.6,64.7,74.3,Clayey,Maize,106.0,8.1,1.4,DAP
34.9,54.7,44.1,Loamy,Cotton,106.0,42.8,61.3,Ammonium Sulphate
20.7,41.1,40.5,Sandy,Cotton,116.3,17.4,150.7,DAP
23.6,59.6,38.0,Red,Pulses,60.7,23.8,23.9,DAP
42.1,50.6,64.0,Red,Maize,130.4,119.0,116.2,Ammonium Sulphate
42.0,54.0,39.6,Sandy,Pulses,35.6,113.1,20.2,NPK 20-20-20
18.6,88.8,32.9,Sandy,Maize,83.3,107.1,6.7,MOP
31.0,36.2,30.4,Black,Pulses,78.6,35.7,86.8,DAP
16.0,76.9,34.4,Loamy,Pulses,16.2,4.0,107.3,Urea
44.7,64.5,28.3,Loamy,Millets,125.7,108.1,15.7,MOP
38.8,39.5,23.1,Peaty,Wheat,21.8,121.0,73.5,Urea
32.0,41.0,28.4,Peaty,Sugarcane,53.8,66.6,62.2,NPK 10-26-26
18.6,86.0,61.0,Sandy,Wheat,4.6,69.0,83.6,Urea
34.7,88.3,53.7,Peaty,Millets,9.6,60.6,23.9,Urea
43.2,69.7,24.6,Black,Cotton,77.1,58.5,170.9,SSP
33.4,52.4,35.3,Sandy,Maize,49.7,59.9,138.5,NPK 10-26-26
17.1,53.7,30.9,Black,Cotton,127.0,22.7,45.1,DAP
36.3,35.7,39.1,Black,Pulses,134.1,32.0,181.7,DAP
42.5,68.1,57.8,Black,Millets,105.3,77.0,138.9,Ammonium Sulphate
36.9,79.5,28.8,Clayey,Millets,75.6,122.5,88.4,NPK 20-20-20
42.5,45.1,70.7,Loamy,Rice,43.2,83.1,66.7,MOP
39.9,72.8,61.8,Red,Rice,102.0,50.1,137.6,Ammonium Sulphate
43.4,54.0,67.0,Black,Sugarcane,138.6,3.7,123.7,DAP
35.6,37.2,76.3,Loamy,Maize,124.2,60.9,101.9,Ammonium Sulphate
38.3,37.8,53.9,Sandy,Wheat,125.7,12.2,80.6,Urea
16.6,39.6,40.1,Loamy,Maize,32.9,120.4,194.4,Urea
22.9,46.8,36.7,Sandy,Wheat,129.8,31.0,86.1,MOP
15.9,65.0,20.7,Red,Maize,42.9,5.8,120.6,DAP
44.2,62.7,36.5,Black,Pulses,38.0,131.1,76.8,Urea
16.5,55.6,69.9,Sandy,Pulses,31.4,32.8,167.5,Urea
17.9,57.0,40.2,Red,Sugarcane,11.7,30.6,154.3,NPK 10-26-26
37.8,73.7,49.1,Peaty,Cotton,22.6,82.9,165.1,Urea
19.6,39.0,36.1,Red,Wheat,57.2,98.6,11.6,NPK 20-20-20
25.1,78.2,34.8,Peaty,Sugarcane,48.3,48.9,63.9,MOP
27.3,44.4,60.3,Sandy,Cotton,94.2,119.5,81.4,NPK 20-20-20
37.1,51.6,60.3,Clayey,Cotton,11.4,143.9,32.0,Urea
44.3,77.6,59.6,Sandy,Sugarcane,121.3,42.0,95.9,SSP
27.3,55.6,39.8,Sandy,Millets,3.3,62.3,57.2,NPK 20-20-20
38.4,31.0,69.1,Sandy,Rice,68.9,28.3,133.7,DAP
38.7,66.1,50.7,Black,Wheat,40.3,13.5,197.6,MOP
35.3,65.7,56.2,Loamy,Cotton,0.2,54.8,29.4,DAP
35.8,44.0,57.5,Sandy,Millets,30.6,8.7,26.8,Urea
40.5,32.7,64.0,Loamy,Wheat,83.2,59.6,25.9,DAP
17.4,45.5,21.7,Red,Wheat,59.7,79.5,35.8,MOP
34.9,87.9,23.0,Red,Sugarcane,80.8,81.8,102.6,Ammonium Sulphate
40.2,37.6,68.0,Loamy,Cotton,21.1,123.5,203.2,Urea
38.5,89.7,56.3,Sandy,Sugarcane,95.1,137.2,60.6,MOP
17.5,85.5,39.5,Black,Millets,61.9,6.2,140.3,DAP
40.1,37.6,27.6,Red,Rice,116.4,133.2,133.2,NPK 10-26-26
34.3,47.3,37.9,Black,Rice,1.9,46.8,113.6,Ammonium Sulphate
31.2,81.1,77.5,Black,Sugarcane,72.0,12.3,112.5,DAP
33.2,53.3,34.4,Sandy,Cotton,19.3,11.8,170.1,Urea
27.1,35.3,23.9,Red,Millets,64.9,46.4,97.7,NPK 10-26-26
29.7,81.6,55.5,Black,Rice,88.5,18.6,118.6,DAP
36.0,75.2,72.4,Peaty,Maize,102.2,89.8,38.3,Ammonium Sulphate
24.2,59.5,67.8,Black,Maize,31.6,79.9,107.3,Urea
23.9,46.7,66.3,Black,Pulses,136.6,68.8,13.7,DAP
39.6,32.5,49.9,Peaty,Millets,83.8,94.7,31.6,MOP
31.3,38.1,73.6,Black,Pulses,65.3,27.5,143.9,DAP
25.8,84.7,21.3,Sandy,Sugarcane,107.3,101.8,67.9,NPK 20-20-20
26.9,75.4,47.3,Black,Cotton,130.9,36.4,24.7,DAP
44.1,52.7,23.7,Black,Rice,70.8,23.5,134.9,DAP
28.6,51.3,44.0,Peaty,Rice,58.1,56.2,135.2,NPK 10-26-26
34.4,33.7,68.8,Loamy,Pulses,90.8,138.4,31.0,MOP
33.1,64.9,44.1,Red,Rice,17.8,56.8,33.3,Urea
21.3,33.5,53.1,Peaty,Wheat,122.1,83.7,70.8,NPK 20-20-20
31.2,34.8,54.0,Peaty,Rice,55.5,43.0,29.4,MOP
28.0,65.7,24.8,Peaty,Wheat,65.8,72.9,41.2,NPK 20-20-20
38.7,84.9,41.6,Loamy,Sugarcane,27.3,98.4,66.2,Urea
24.8,53.6,56.2,Peaty,Maize,72.3,84.2,191.9,NPK 20-20-20
29.4,78.6,77.0,Black,Pulses,137.6,12.5,166.9,DAP
19.0,56.4,58.6,Clayey,Cotton,7.6,86.9,185.0,Urea
21.5,56.6,22.9,Loamy,Maize,115.7,85.3,72.4,NPK 20-20-20
31.6,79.6,57.9,Sandy,Pulses,83.8,60.1,196.4,NPK 20-20-20
33.2,43.2,57.5,Sandy,Wheat,25.9,8.6,123.9,Urea
30.7,43.6,60.0,Clayey,Maize,22.9,26.7,41.5,Urea
16.5,53.9,50.7,Black,Maize,53.6,121.7,29.8,MOP
16.9,34.3,54.4,Clayey,Maize,122.9,80.9,196.8,SSP
38.3,79.3,74.2,Sandy,Sugarcane,63.2,47.9,120.8,NPK 10-26-26
28.5,86.2,79.0,Red,Wheat,105.9,98.7,34.0,Ammonium Sulphate
35.5,86.9,28.6,Clayey,Maize,77.7,11.1,0.9,DAP
34.3,54.6,49.4,Red,Cotton,47.0,25.7,20.2,DAP
33.0,73.7,38.9,Peaty,Sugarcane,33.2,14.1,36.7,Urea
35.3,62.8,48.5,Red,Pulses,61.2,91.0,132.7,NPK 20-20-20
24.7,71.2,77.7,Clayey,Cotton,68.6,91.5,151.6,NPK 20-20-20
15.5,41.7,68.6,Red,Cotton,102.4,54.0,107.0,Ammonium Sulphate
16.8,71.5,28.4,Black,Millets,56.4,75.3,204.3,MOP
26.9,38.0,29.5,Peaty,Sugarcane,60.8,18.5,83.9,DAP
24.1,73.9,62.0,Peaty,Sugarcane,83.1,83.5,33.1,MOP
31.6,64.2,32.6,Black,Pulses,3.5,51.5,159.9,Urea
22.8,71.7,54.0,Clayey,Wheat,71.8,18.9,90.3,DAP
42.4,33.7,61.6,Loamy,Rice,44.7,60.2,186.1,NPK 10-26-26
17.7,49.1,26.3,Black,Pulses,80.3,8.8,6.3,DAP
25.8,37.5,35.2,Sandy,Cotton,38.6,71.7,24.9,Urea
24.5,67.6,68.5,Sandy,Millets,127.8,83.0,37.1,MOP
21.0,44.8,38.4,Clayey,Sugarcane,82.3,61.8,126.2,SSP
36.7,76.4,62.9,Loamy,Cotton,2.0,52.3,124.0,Urea
40.9,48.5,37.6,Sandy,Pulses,21.5,128.5,94.0,Urea
34.9,70.7,75.9,Loamy,Sugarcane,100.8,41.6,180.3,Ammonium Sulphate
16.7,38.3,20.1,Clayey,Sugarcane,3.4,30.4,85.3,Urea
42.4,32.4,50.7,Peaty,Cotton,29.4,141.6,132.3,Urea
24.1,76.9,66.0,Sandy,Pulses,135.2,57.1,26.8,MOP
36.9,64.5,32.4,Peaty,Maize,43.7,62.0,132.3,NPK 10-26-26
22.0,54.3,36.1,Peaty,Rice,51.8,108.9,183.9,NPK 20-20-20
20.5,87.4,42.6,Black,Rice,8.7,70.5,22.3,Urea
24.5,78.5,72.5,Clayey,Sugarcane,122.0,113.8,56.1,NPK 20-20-20
17.9,81.2,39.7,Sandy,Millets,90.4,74.0,24.6,MOP
39.1,81.7,28.2,Loamy,Sugarcane,95.6,34.2,193.4,DAP
23.7,77.0,68.2,Clayey,Rice,83.7,11.9,132.6,DAP
34.2,48.4,71.6,Sandy,Maize,30.5,12.8,39.9,Urea
35.3,68.2,44.1,Clayey,Rice,43.1,69.2,162.6,NPK 10-26-26
43.0,86.0,44.1,Peaty,Pulses,98.8,133.7,29.1,MOP
19.2,66.7,38.4,Loamy,Pulses,9.9,50.7,176.8,Urea
35.9,67.8,71.8,Loamy,Sugarcane,19.5,1.6,111.6,Urea
26.1,51.4,40.6,Loamy,Wheat,61.7,127.6,103.6,NPK 20-20-20
19.2,89.0,35.0,Sandy,Sugarcane,92.8,86.3,85.1,NPK 20-20-20
38.6,41.7,69.2,Loamy,Rice,19.2,40.1,9.4,Urea
34.8,74.8,38.7,Sandy,Sugarcane,36.3,0.2,77.2,Urea
29.4,81.7,26.3,Black,Cotton,71.8,40.8,168.6,SSP
37.0,82.6,63.4,Sandy,Rice,16.7,74.3,71.5,Urea
33.6,73.1,26.6,Red,Cotton,139.2,33.7,11.0,DAP
16.2,53.5,68.1,Clayey,Rice,62.2,98.0,104.3,NPK 20-20-20
41.0,30.6,66.7,Loamy,Cotton,138.4,70.1,202.3,Ammonium Sulphate
22.5,62.3,79.5,Red,Wheat,13.6,102.4,70.8,NPK 10-26-26
43.6,37.3,21.1,Red,Maize,0.1,44.6,49.4,Urea
17.0,41.2,53.3,Red,Maize,50.9,63.6,200.4,NPK 10-26-26
37.1,62.2,70.4,Peaty,Wheat,41.7,43.2,65.7,NPK 10-26-26
38.5,37.3,58.1,Black,Rice,9.9,131.9,39.0,Urea
31.3,34.7,77.3,Black,Sugarcane,120.4,24.5,175.1,NPK 10-26-26
38.1,86.1,74.6,Sandy,Maize,124.3,28.9,58.3,DAP
26.3,53.6,52.7,Black,Wheat,23.5,45.0,103.2,Urea
37.2,68.7,29.3,Clayey,Wheat,12.2,54.7,84.8,DAP
21.3,45.7,78.2,Sandy,Pulses,97.9,123.7,23.7,MOP
30.1,79.7,50.5,Peaty,Pulses,66.9,69.3,157.4,NPK 10-26-26
34.0,57.0,51.9,Black,Wheat,87.6,117.2,14.2,MOP
24.4,68.1,41.4,Loamy,Wheat,96.4,80.0,49.6,NPK 20-20-20
44.0,69.5,53.9,Red,Rice,73.7,110.1,146.1,NPK 20-20-20
29.1,58.4,42.7,Loamy,Pulses,57.8,28.9,84.5,DAP
24.5,33.3,56.6,Black,Sugarcane,54.2,11.7,30.2,DAP
17.7,84.6,20.4,Sandy,Cotton,17.3,44.6,189.8,Urea
44.0,42.3,64.5,Clayey,Wheat,123.8,80.3,109.6,Ammonium Sulphate
20.0,85.0,39.7,Sandy,Millets,106.4,49.1,195.2,Ammonium Sulphate
32.9,82.9,23.0,Black,Pulses,30.3,126.5,17.9,Urea
35.7,45.7,57.5,Clayey,Maize,49.2,131.9,116.6,NPK 20-20-20
39.4,50.5,46.0,Loamy,Maize,138.0,114.7,123.3,Ammonium Sulphate
31.3,32.5,64.7,Sandy,Rice,2.8,9.1,79.4,Urea
28.9,67.2,48.8,Sandy,Millets,76.4,29.6,59.8,DAP
29.5,43.0,78.0,Clayey,Wheat,134.0,61.9,97.4,NPK 20-20-20
30.8,72.4,35.1,Loamy,Cotton,17.3,29.9,0.2,Urea
25.7,50.0,43.3,Red,Wheat,21.4,105.6,123.1,Urea
38.1,88.5,54.4,Loamy,Cotton,90.8,9.9,184.0,NPK 10-26-26
40.3,66.8,39.5,Black,Millets,29.0,123.5,17.3,Urea
35.4,46.4,69.7,Clayey,Pulses,110.5,17.3,28.8,DAP
30.5,74.9,70.2,Peaty,Wheat,93.4,63.1,195.4,NPK 20-20-20
42.9,61.7,35.5,Sandy,Wheat,101.7,17.6,62.1,DAP
31.9,66.0,30.0,Loamy,Sugarcane,86.4,140.6,149.2,NPK 20-20-20
37.9,65.5,31.5,Black,Maize,87.3,87.4,100.4,NPK 20-20-20
25.0,61.2,31.9,Red,Cotton,11.9,63.3,135.0,Urea
23.3,63.5,40.8,Red,Pulses,70.3,47.5,151.1,NPK 10-26-26
24.5,81.1,22.5,Peaty,Rice,87.3,9.2,66.5,DAP
25.1,40.8,36.9,Sandy,Maize,109.6,108.8,93.6,NPK 20-20-20
18.4,45.3,69.7,Loamy,Wheat,80.8,17.3,7.5,Ammonium Sulphate
26.5,73.1,52.9,Sandy,Sugarcane,35.1,14.6,80.6,Urea
40.8,50.8,59.2,Peaty,Sugarcane,123.9,33.5,82.9,DAP
41.1,63.9,51.0,Clayey,Rice,39.9,91.5,93.4,Urea
37.7,46.9,39.1,Loamy,Sugarcane,15.9,24.9,112.2,Urea
16.9,49.0,33.2,Black,Wheat,72.1,14.4,3.3,DAP
26.3,66.2,24.8,Clayey,Pulses,130.6,83.5,25.9,MOP
38.0,54.4,72.8,Clayey,Maize,125.9,90.4,26.9,MOP
21.1,84.5,65.6,Black,Pulses,87.6,22.5,76.5,DAP
35.9,86.7,79.7,Clayey,Sugarcane,20.7,142.8,42.9,Ammonium Sulphate
38.1,55.5,53.9,Clayey,Wheat,4.8,64.6,167.4,Urea
17.6,62.3,74.8,Peaty,Cotton,116.1,19.4,191.8,DAP
43.2,70.6,41.8,Loamy,Millets,38.6,48.2,143.7,Urea
42.9,42.3,67.9,Peaty,Pulses,8.9,56.1,58.0,Urea
44.5,68.6,63.1,Sandy,Pulses,52.8,116.3,89.1,NPK 20-20-20
20.4,86.9,33.1,Loamy,Rice,83.0,70.9,27.3,MOP
23.8,85.5,33.8,Loamy,Wheat,51.7,96.2,24.2,MOP
41.0,64.6,60.4,Loamy,Rice,47.5,115.4,15.9,MOP
32.6,45.4,76.0,Peaty,Pulses,71.1,108.8,63.7,NPK 20-20-20
40.7,58.0,41.6,Sandy,Pulses,100.4,64.3,192.5,Ammonium Sulphate
29.3,75.4,61.3,Loamy,Rice,139.6,61.9,22.8,NPK 10-26-26
41.3,42.2,69.6,Clayey,Cotton,7.6,140.9,105.1,Urea
29.1,81.5,38.3,Loamy,Millets,18.1,43.2,159.9,Urea
21.8,40.0,40.0,Loamy,Wheat,48.0,143.3,99.5,NPK 20-20-20
41.7,57.6,62.6,Red,Maize,73.0,18.1,197.1,DAP
38.0,34.8,22.8,Loamy,Rice,26.4,60.1,191.8,Urea
23.7,63.7,26.7,Sandy,Millets,60.6,77.7,97.8,NPK 20-20-20
41.6,83.6,40.1,Clayey,Cotton,129.8,139.5,104.3,Ammonium Sulphate
23.4,87.5,28.6,Loamy,Pulses,39.6,40.5,83.0,Urea
16.6,64.7,25.0,Black,Rice,61.5,74.0,53.1,NPK 20-20-20
17.6,48.2,78.0,Peaty,Maize,36.2,50.3,162.8,Urea
43.1,70.8,54.2,Loamy,Wheat,131.9,114.3,4.9,MOP
35.7,74.9,32.8,Loamy,Sugarcane,133.8,34.3,180.9,NPK 10-26-26
44.3,81.2,49.9,Clayey,Rice,38.0,15.0,60.6,MOP
33.3,52.3,66.3,Black,Pulses,53.8,50.3,88.5,NPK 10-26-26
29.5,77.6,54.6,Black,Sugarcane,113.4,34.6,46.0,DAP
22.8,30.5,58.9,Red,Millets,62.4,140.2,117.1,NPK 20-20-20
19.2,64.2,72.1,Peaty,Pulses,100.5,53.9,19.0,MOP
26.8,82.0,34.6,Black,Maize,77.0,74.5,141.5,NPK 20-20-20
24.7,83.3,29.6,Peaty,Millets,37.3,17.3,47.2,SSP
26.6,51.2,38.9,Red,Wheat,44.9,27.9,63.4,DAP
27.3,56.7,54.6,Loamy,Rice,33.8,98.8,146.8,Urea
17.7,70.6,23.8,Peaty,Sugarcane,103.5,30.6,172.5,DAP
27.5,48.6,76.3,Peaty,Wheat,16.7,10.0,99.1,Urea
22.6,82.7,25.4,Sandy,Cotton,29.9,59.6,144.3,Urea
26.0,53.5,78.6,Black,Maize,112.0,35.0,13.9,DAP
23.0,60.4,66.7,Red,Millets,118.3,52.2,140.9,Ammonium Sulphate
16.8,72.1,20.6,Red,Wheat,46.1,100.5,157.1,NPK 20-20-20
39.3,47.6,46.8,Clayey,Cotton,119.3,7.6,21.4,DAP
30.9,57.5,43.8,Peaty,Sugarcane,0.3,37.8,106.2,Urea
20.2,62.8,62.9,Black,Pulses,32.6,71.3,63.6,Urea
30.1,49.4,35.5,Sandy,Cotton,18.7,134.5,177.9,Urea
18.2,76.6,68.5,Peaty,Cotton,16.0,93.4,171.0,Urea
34.4,57.5,51.7,Loamy,Millets,11.9,125.6,102.3,Urea
23.0,55.9,79.9,Sandy,Millets,81.9,70.8,107.5,NPK 20-20-20
23.0,84.6,46.1,Clayey,Cotton,87.6,10.9,23.0,SSP
19.1,45.6,43.1,Red,Wheat,135.7,65.8,103.9,Ammonium Sulphate
43.0,81.5,30.2,Red,Millets,36.9,40.5,190.8,DAP
17.2,43.4,44.5,Peaty,Millets,3.0,13.3,139.6,Urea
30.4,62.4,35.3,Sandy,Rice,105.3,85.3,43.6,Ammonium Sulphate
36.0,57.6,23.3,Loamy,Wheat,65.7,134.6,131.4,NPK 20-20-20
30.8,34.0,78.4,Sandy,Maize,66.9,51.5,139.9,NPK 10-26-26
36.5,46.1,38.9,Peaty,Pulses,91.8,5.8,122.5,DAP
41.7,56.9,47.6,Clayey,Wheat,93.9,119.1,50.2,NPK 20-20-20
40.2,82.6,34.6,Clayey,Pulses,26.9,14.8,186.8,Urea
37.8,32.9,70.6,Loamy,Rice,73.8,84.5,140.2,NPK 20-20-20
36.8,82.2,31.4,Clayey,Millets,132.7,57.5,25.6,MOP
18.3,42.2,79.9,Sandy,Rice,39.8,144.2,198.1,Urea
22.8,80.3,62.9,Clayey,Sugarcane,125.0,100.0,58.2,NPK 20-20-20
24.2,75.6,57.2,Loamy,Wheat,25.8,15.3,166.6,Urea
33.5,76.9,62.2,Loamy,Cotton,94.2,72.1,194.8,NPK 20-20-20
15.6,55.9,22.0,Clayey,Millets,29.4,114.4,158.8,Urea
33.6,32.9,49.0,Loamy,Maize,136.7,32.2,42.7,DAP
22.6,83.7,54.4,Loamy,Maize,116.6,71.5,186.9,Ammonium Sulphate
20.0,30.1,79.0,Sandy,Wheat,7.8,120.8,93.9,Urea
41.4,41.8,76.8,Loamy,Rice,85.9,32.3,111.9,DAP
20.7,61.3,48.1,Black,Millets,13.0,20.9,21.5,Urea
38.9,38.5,27.8,Black,Sugarcane,27.6,14.2,34.2,Urea
39.6,51.2,59.3,Peaty,Wheat,94.8,99.0,128.9,NPK 20-20-20
16.2,57.3,73.5,Black,Rice,59.5,49.6,37.6,Ammonium Sulphate
44.4,89.1,61.2,Black,Cotton,38.5,32.4,175.7,Urea
28.5,59.4,33.1,Red,Maize,80.3,14.3,92.1,DAP
43.6,44.4,57.4,Red,Cotton,122.6,39.4,0.8,DAP
25.5,48.9,67.5,Clayey,Cotton,87.7,21.2,168.7,DAP
34.6,54.3,55.8,Peaty,Sugarcane,81.1,132.3,36.4,Urea
21.3,45.9,59.8,Red,Cotton,128.2,72.9,163.0,SSP
25.3,33.7,64.1,Black,Millets,29.8,113.4,41.8,Urea
17.8,54.0,45.1,Red,Rice,99.3,131.4,28.2,DAP
17.1,33.4,27.2,Red,Pulses,130.0,72.0,172.8,Ammonium Sulphate
36.3,73.9,30.4,Sandy,Wheat,89.2,10.3,74.1,DAP
44.9,58.5,69.0,Clayey,Millets,111.5,86.3,181.8,Ammonium Sulphate
33.1,67.8,45.0,Clayey,Cotton,13.1,2.4,179.1,Urea
21.3,74.2,39.2,Loamy,Rice,134.3,27.9,147.1,DAP
25.3,31.1,61.4,Black,Wheat,60.9,76.1,40.9,NPK 20-20-20
37.4,38.7,72.7,Sandy,Pulses,137.5,55.5,36.5,MOP
28.2,34.2,54.7,Clayey,Millets,103.5,4.2,111.0,DAP
21.1,67.6,41.5,Sandy,Wheat,61.8,18.9,59.7,DAP
42.1,30.0,55.6,Sandy,Cotton,26.9,67.3,50.4,Urea
25.1,87.1,52.0,Black,Millets,76.0,18.8,77.0,NPK 20-20-20
28.8,40.9,38.1,Sandy,Pulses,65.6,123.7,191.4,NPK 20-20-20
18.8,52.9,21.7,Black,Millets,50.2,91.5,146.6,NPK 20-20-20
24.2,87.7,77.9,Sandy,Millets,67.1,141.1,1.0,MOP
18.0,60.5,21.5,Black,Millets,102.6,99.3,43.5,NPK 20-20-20
23.4,54.7,34.1,Black,Wheat,14.5,101.8,61.4,Urea
44.9,81.5,44.5,Clayey,Maize,91.0,107.6,6.5,Ammonium Sulphate
24.3,52.1,66.2,Sandy,Rice,56.0,137.3,83.3,NPK 20-20-20
29.5,83.9,74.5,Loamy,Cotton,30.2,118.0,44.5,Urea
44.0,38.9,76.5,Clayey,Maize,79.4,54.7,197.8,SSP
27.0,89.0,52.2,Black,Pulses,36.1,101.7,2.9,NPK 20-20-20
39.7,30.8,52.5,Clayey,Cotton,69.9,10.5,140.3,DAP
38.0,59.1,29.0,Sandy,Rice,24.1,126.5,125.7,Urea
43.9,61.1,24.4,Peaty,Pulses,35.4,116.5,167.7,Urea
30.1,57.3,65.2,Loamy,Cotton,76.5,13.0,85.7,DAP
40.7,36.0,25.4,Red,Rice,14.3,2.3,126.3,Urea
42.1,71.8,25.8,Clayey,Millets,44.8,110.7,164.5,NPK 20-20-20
27.5,32.7,37.3,Black,Wheat,98.0,110.0,21.7,MOP
39.4,86.2,50.8,Sandy,Wheat,75.0,57.2,173.9,SSP
29.2,59.4,70.8,Loamy,Rice,46.7,71.3,117.4,NPK 20-20-20
38.8,59.2,40.0,Red,Wheat,33.4,137.6,62.5,Urea
28.8,48.4,22.1,Black,Wheat,40.7,11.9,61.2,DAP
24.9,46.7,31.1,Peaty,Maize,106.3,29.9,145.4,MOP
29.7,47.2,63.4,Clayey,Millets,128.4,84.6,94.8,NPK 20-20-20
35.5,41.0,69.3,Black,Pulses,39.5,38.8,106.4,Urea
18.7,37.4,55.0,Black,Rice,45.0,5.0,26.1,DAP
29.8,57.2,22.3,Peaty,Wheat,73.9,29.3,22.6,DAP
40.1,81.9,56.2,Peaty,Pulses,16.1,85.3,136.7,Urea
41.4,41.7,38.8,Red,Pulses,89.4,101.4,23.0,MOP
31.0,58.3,78.9,Clayey,Maize,109.6,24.4,105.0,DAP
33.8,86.8,54.8,Red,Maize,7.0,9.1,38.4,NPK 20-20-20
37.4,89.7,59.9,Clayey,Cotton,129.2,2.3,149.6,DAP
16.9,57.0,32.3,Black,Sugarcane,90.9,43.9,94.3,SSP
26.1,39.6,73.1,Peaty,Maize,123.5,82.9,68.0,NPK 20-20-20
30.2,59.9,26.6,Peaty,Cotton,33.7,2.3,73.8,MOP
19.4,71.8,58.6,Loamy,Pulses,0.3,92.6,29.0,Urea
17.8,87.3,56.7,Clayey,Wheat,73.0,38.1,157.3,DAP
29.5,48.9,67.3,Loamy,Millets,17.3,58.1,71.9,Urea
39.1,39.2,42.0,Loamy,Rice,109.3,52.4,83.3,SSP
26.4,32.8,30.6,Peaty,Cotton,9.9,51.5,103.2,Urea
15.1,60.1,43.0,Loamy,Cotton,22.3,51.4,86.0,Urea
35.0,42.9,33.3,Black,Wheat,70.0,60.2,34.7,MOP
15.3,35.5,53.4,Black,Wheat,56.0,79.7,127.0,NPK 20-20-20
40.1,42.9,27.2,Peaty,Millets,21.9,141.3,172.7,Urea
44.4,35.8,38.2,Clayey,Maize,49.0,134.6,13.5,MOP
32.7,69.2,35.3,Red,Rice,118.1,28.3,169.5,DAP
37.9,72.8,32.5,Clayey,Rice,60.5,140.2,92.7,MOP
43.9,73.1,79.6,Loamy,Rice,41.1,97.4,143.9,NPK 20-20-20
15.5,72.2,21.3,Black,Rice,22.9,82.0,103.3,DAP
30.8,78.5,41.7,Peaty,Cotton,102.0,45.9,70.1,SSP
31.9,48.9,25.1,Peaty,Maize,71.3,79.1,73.7,DAP
35.1,48.9,61.0,Loamy,Rice,33.2,141.9,79.2,Urea
27.6,35.7,27.5,Sandy,Millets,64.5,41.5,50.7,NPK 10-26-26
34.5,79.5,45.1,Peaty,Sugarcane,137.2,86.5,145.5,NPK 10-26-26
15.3,38.9,66.6,Peaty,Wheat,75.7,66.4,193.7,NPK 20-20-20
16.9,57.9,34.4,Clayey,Pulses,63.8,84.4,73.1,NPK 20-20-20
30.1,79.8,59.8,Sandy,Pulses,131.0,132.3,42.9,NPK 20-20-20
32.4,86.9,23.2,Peaty,Sugarcane,24.3,100.1,132.3,Urea
37.0,60.5,79.5,Clayey,Pulses,79.1,12.8,84.8,DAP
35.8,89.4,36.7,Peaty,Maize,46.1,63.9,175.7,NPK 10-26-26
41.5,42.2,72.4,Sandy,Maize,73.2,3.4,84.8,DAP
37.4,42.5,32.3,Sandy,Pulses,27.9,61.6,79.0,Urea
37.9,60.3,79.3,Black,Cotton,8.2,38.0,89.4,Urea
43.4,76.0,36.1,Loamy,Cotton,101.0,136.5,180.7,Ammonium Sulphate
38.2,63.7,53.2,Sandy,Wheat,17.7,76.8,55.1,MOP
34.7,41.9,28.6,Loamy,Maize,87.1,62.5,59.1,NPK 20-20-20
16.5,35.7,22.0,Peaty,Pulses,8.7,104.6,47.2,Urea
44.5,71.5,73.0,Black,Wheat,68.1,101.8,174.7,NPK 20-20-20
22.8,86.8,63.6,Loamy,Maize,90.7,140.5,146.4,NPK 20-20-20
30.5,37.0,51.7,Clayey,Maize,88.2,52.2,83.2,SSP
18.4,46.1,49.5,Black,Pulses,22.9,40.2,13.5,Urea
22.1,53.3,46.6,Red,Pulses,3.6,32.2,160.0,Urea
17.4,58.5,20.6,Red,Maize,113.1,111.9,187.6,Ammonium Sulphate
35.5,33.1,67.0,Red,Wheat,111.9,73.7,47.7,NPK 20-20-20
36.8,88.8,29.3,Red,Maize,66.0,139.2,138.6,NPK 20-20-20
36.9,74.1,24.8,Clayey,Sugarcane,77.6,130.7,189.9,SSP
42.8,82.1,50.0,Black,Pulses,100.0,90.4,199.0,Ammonium Sulphate
25.1,61.1,78.8,Sandy,Pulses,94.1,34.9,152.4,DAP
24.5,59.0,37.7,Black,Wheat,3.6,41.4,113.6,NPK 10-26-26
43.7,44.4,39.4,Sandy,Wheat,80.8,22.5,73.0,DAP
31.8,53.2,45.2,Red,Rice,11.0,127.8,16.0,Urea
42.6,46.2,42.2,Black,Rice,92.7,132.3,179.1,NPK 20-20-20
28.1,50.4,63.1,Clayey,Wheat,35.0,51.7,36.3,Urea
33.5,59.0,43.4,Peaty,Cotton,35.3,133.5,119.2,Urea
32.9,52.0,68.4,Sandy,Wheat,16.3,18.7,110.1,Urea
24.3,82.2,65.8,Clayey,Sugarcane,5.1,14.8,149.3,Urea
26.1,60.1,63.5,Peaty,Sugarcane,91.3,113.0,157.3,NPK 20-20-20
23.6,34.3,40.7,Loamy,Pulses,61.3,118.6,112.6,NPK 20-20-20
43.4,34.2,47.4,Clayey,Rice,57.0,98.3,46.5,NPK 20-20-20
35.9,35.4,49.9,Clayey,Cotton,101.4,27.5,182.9,DAP
20.9,56.3,44.5,Loamy,Cotton,58.5,36.4,65.7,MOP
31.8,51.5,68.5,Clayey,Cotton,111.4,44.3,14.9,MOP
26.8,77.6,36.7,Peaty,Cotton,34.5,9.2,27.0,Urea
34.0,45.2,53.3,Peaty,Millets,122.6,109.1,3.6,MOP
30.9,54.1,37.8,Clayey,Maize,29.1,115.8,164.6,Urea
23.5,47.0,48.9,Loamy,Maize,50.2,88.5,78.4,NPK 20-20-20
15.7,30.2,33.6,Peaty,Wheat,119.2,115.8,54.8,NPK 20-20-20
21.8,50.4,49.9,Peaty,Wheat,115.3,124.3,85.1,Ammonium Sulphate
22.3,58.1,55.5,Black,Sugarcane,124.4,108.1,7.2,MOP
38.6,31.0,53.0,Loamy,Millets,66.4,0.6,2.3,DAP
19.7,69.9,62.5,Clayey,Wheat,124.4,64.1,29.3,MOP
38.7,68.4,71.2,Loamy,Rice,123.5,62.9,153.3,Ammonium Sulphate
36.7,36.9,51.1,Red,Rice,24.6,25.7,187.6,Urea
16.9,65.9,56.1,Clayey,Pulses,136.2,78.9,114.8,Ammonium Sulphate
33.3,45.9,37.2,Clayey,Cotton,112.9,7.2,123.7,DAP
19.7,30.9,38.8,Loamy,Wheat,19.4,61.8,113.2,Urea
23.2,54.0,66.7,Loamy,Cotton,120.7,81.8,84.1,NPK 20-20-20
18.7,36.4,61.3,Sandy,Cotton,134.6,45.4,20.1,MOP
16.7,36.6,33.2,Black,Sugarcane,60.7,116.0,151.6,NPK 20-20-20
25.0,49.0,66.4,Peaty,Pulses,1.8,115.4,97.8,NPK 10-26-26
31.1,86.1,55.9,Peaty,Pulses,112.0,135.2,157.9,Ammonium Sulphate
22.0,33.6,51.1,Red,Rice,56.7,135.1,18.2,MOP
42.6,84.2,29.4,Peaty,Maize,93.9,41.9,120.0,SSP
36.6,74.7,50.9,Peaty,Maize,117.2,44.9,104.0,Ammonium Sulphate
40.7,55.9,43.2,Black,Sugarcane,84.3,15.6,104.2,DAP
44.8,67.7,42.2,Peaty,Rice,134.1,11.3,109.1,DAP
26.8,40.8,54.7,Red,Sugarcane,70.4,12.0,127.1,DAP
40.7,56.1,31.6,Peaty,Wheat,37.2,111.2,42.2,Urea
29.0,86.6,75.9,Peaty,Cotton,50.2,21.7,104.5,DAP
42.0,85.8,43.0,Loamy,Rice,125.5,117.0,0.7,MOP
27.7,43.8,32.0,Red,Pulses,106.8,111.0,73.0,NPK 20-20-20
39.0,52.6,74.2,Red,Sugarcane,8.2,134.4,132.9,Urea
37.7,70.3,51.9,Peaty,Pulses,113.7,125.6,35.3,MOP
41.3,63.0,59.4,Red,Cotton,39.5,104.7,176.7,Urea
30.3,39.5,23.2,Sandy,Sugarcane,6.9,82.6,78.5,Urea
24.2,65.6,52.3,Red,Pulses,79.3,110.7,28.0,MOP
41.5,31.2,65.2,Black,Cotton,1.0,118.8,73.8,Urea
35.3,72.2,77.4,Black,Millets,56.0,138.3,131.6,NPK 20-20-20
18.8,80.6,41.7,Peaty,Pulses,65.9,28.8,123.3,Urea
31.4,56.2,64.9,Sandy,Cotton,108.0,5.6,39.8,DAP
43.0,80.1,70.6,Clayey,Pulses,5.6,116.7,75.6,Urea
39.1,50.9,61.6,Peaty,Millets,125.5,58.7,93.4,SSP
39.6,44.2,59.7,Black,Rice,51.6,100.1,79.4,NPK 20-20-20
40.1,36.1,60.6,Clayey,Maize,2.2,24.2,124.4,Urea
15.6,32.2,74.2,Black,Maize,125.2,33.1,151.7,DAP
40.8,72.0,44.1,Black,Cotton,137.8,55.6,31.2,MOP
23.5,65.1,55.2,Red,Maize,117.1,38.4,92.0,DAP
34.9,77.0,43.7,Sandy,Millets,130.6,11.4,141.1,DAP
38.9,38.1,46.9,Clayey,Sugarcane,42.4,67.8,55.9,NPK 10-26-26
41.6,57.3,53.4,Loamy,Wheat,64.4,2.2,58.2,DAP
34.0,57.0,40.3,Loamy,Wheat,21.7,26.5,74.8,Urea
33.7,34.5,50.2,Sandy,Cotton,80.4,92.4,114.1,NPK 20-20-20
25.1,75.9,46.0,Red,Wheat,90.7,2.7,134.1,DAP
24.3,35.1,25.5,Red,Cotton,63.3,6.3,63.5,DAP
40.2,69.3,36.5,Peaty,Cotton,28.2,139.1,125.7,Urea
17.0,31.7,34.7,Clayey,Pulses,101.4,30.7,21.5,DAP
19.8,77.3,38.7,Sandy,Pulses,97.0,82.9,186.0,NPK 10-26-26
38.5,65.0,24.9,Sandy,Millets,38.9,47.1,193.8,Urea
28.8,70.3,29.7,Peaty,Wheat,128.5,28.6,201.7,DAP
38.2,69.4,48.3,Red,Wheat,130.7,104.4,154.5,Ammonium Sulphate
28.3,67.1,66.2,Sandy,Cotton,134.7,129.1,55.4,NPK 20-20-20
30.5,57.7,38.9,Clayey,Cotton,102.2,59.6,129.0,Ammonium Sulphate
36.3,33.1,71.6,Peaty,Millets,36.7,35.1,99.0,Urea
26.4,75.0,25.8,Loamy,Sugarcane,138.8,111.7,43.2,NPK 20-20-20
22.0,54.6,66.8,Clayey,Cotton,31.9,133.7,121.5,Urea
30.1,66.3,53.6,Sandy,Wheat,70.7,25.6,166.6,DAP
18.9,76.0,75.9,Loamy,Maize,51.7,19.6,106.3,Urea
23.8,59.4,46.3,Black,Pulses,58.8,136.8,185.0,NPK 20-20-20
17.1,81.3,66.9,Black,Maize,15.0,14.7,2.3,Urea
44.2,56.3,52.4,Loamy,Millets,35.7,124.5,112.0,Urea
25.3,63.7,24.4,Red,Wheat,76.1,49.1,97.1,SSP
41.1,69.7,46.0,Peaty,Pulses,84.0,100.8,169.2,SSP
40.9,39.8,68.7,Clayey,Rice,128.0,38.5,185.3,DAP
31.6,33.0,22.6,Clayey,Sugarcane,110.0,47.2,167.5,Ammonium Sulphate
24.8,74.7,24.8,Black,Wheat,62.7,64.6,183.6,DAP
19.4,31.8,24.3,Sandy,Millets,60.4,110.7,203.5,NPK 20-20-20
16.5,36.3,72.9,Clayey,Pulses,115.5,124.2,190.2,Ammonium Sulphate
31.6,50.5,77.7,Peaty,Rice,9.0,93.2,120.5,Urea
34.6,50.9,78.0,Sandy,Rice,60.2,39.8,182.0,NPK 10-26-26
22.7,72.8,48.8,Sandy,Wheat,21.2,64.1,158.0,Urea
15.2,70.1,78.4,Peaty,Wheat,62.0,137.6,50.4,NPK 20-20-20
29.5,72.2,24.1,Black,Millets,30.0,107.0,38.8,Urea
21.5,81.7,76.5,Clayey,Sugarcane,49.3,33.9,10.2,DAP
34.6,62.0,76.6,Red,Millets,97.1,71.0,105.1,NPK 20-20-20
28.6,58.2,62.4,Black,Maize,46.1,6.1,101.7,DAP
20.1,75.6,79.1,Clayey,Wheat,27.6,126.9,144.4,Urea
31.2,81.0,48.8,Peaty,Sugarcane,69.1,84.0,38.8,MOP
35.2,68.0,26.0,Loamy,Sugarcane,16.9,11.4,108.1,Urea
32.7,35.4,45.9,Peaty,Wheat,117.8,84.1,126.9,Ammonium Sulphate
41.8,31.5,40.9,Clayey,Millets,82.5,81.2,151.5,NPK 20-20-20
18.9,31.1,61.4,Sandy,Wheat,87.6,21.8,96.2,DAP
32.6,60.8,49.7,Sandy,Rice,12.5,62.9,72.9,Urea
24.1,71.3,71.8,Black,Sugarcane,27.0,16.8,126.3,Urea
20.6,69.2,28.9,Clayey,Cotton,73.8,106.5,11.3,MOP
36.1,43.0,31.0,Loamy,Pulses,114.5,122.2,106.7,Ammonium Sulphate
15.2,32.1,74.7,Loamy,Cotton,63.1,109.3,195.9,NPK 20-20-20
40.3,75.6,30.1,Clayey,Maize,27.3,129.4,94.0,Urea
29.9,35.6,37.4,Black,Rice,134.5,46.5,204.2,Ammonium Sulphate
33.3,32.4,74.1,Sandy,Sugarcane,121.6,121.0,170.8,Ammonium Sulphate
23.7,50.2,38.5,Sandy,Millets,97.8,123.8,28.7,MOP
15.2,35.7,23.3,Sandy,Cotton,11.3,103.9,51.2,Urea
39.4,87.5,73.0,Peaty,Sugarcane,47.2,82.6,176.5,SSP
30.1,82.0,77.2,Red,Cotton,116.6,18.1,26.6,DAP
43.4,54.9,39.6,Loamy,Rice,130.3,121.4,204.1,SSP
38.1,59.3,40.3,Loamy,Cotton,104.8,113.7,66.5,NPK 20-20-20
34.7,87.5,75.9,Clayey,Maize,101.3,39.7,173.4,DAP
23.2,53.0,70.2,Peaty,Maize,63.9,71.4,7.5,MOP
39.8,79.8,37.5,Sandy,Wheat,108.0,60.6,153.4,Ammonium Sulphate
28.8,44.3,76.5,Red,Maize,14.7,83.0,102.6,Urea
30.9,45.3,60.5,Black,Sugarcane,32.6,83.2,168.4,NPK 20-20-20
18.4,73.2,50.0,Red,Maize,128.8,8.0,168.2,MOP
43.5,67.3,62.4,Peaty,Cotton,81.3,103.6,187.9,NPK 20-20-20
35.2,53.7,20.1,Sandy,Maize,74.8,97.9,85.6,NPK 20-20-20
30.7,34.5,31.5,Clayey,Maize,119.0,144.6,181.8,Ammonium Sulphate
26.2,43.9,64.1,Black,Wheat,110.1,45.3,187.5,Ammonium Sulphate
40.4,76.3,72.9,Sandy,Pulses,84.4,42.9,182.1,SSP
29.2,32.3,58.3,Red,Rice,129.7,139.4,38.8,MOP
17.8,73.8,40.8,Peaty,Wheat,52.2,21.1,83.3,MOP
29.7,66.2,39.5,Black,Sugarcane,93.4,6.4,67.0,DAP
16.7,31.4,47.0,Sandy,Wheat,49.8,30.9,155.0,DAP
18.6,59.0,61.1,Loamy,Sugarcane,124.7,82.5,166.4,Ammonium Sulphate
20.7,36.6,63.3,Sandy,Maize,119.0,105.3,172.6,Ammonium Sulphate
24.5,70.3,21.9,Clayey,Wheat,117.0,60.2,156.8,Ammonium Sulphate
24.7,88.5,79.2,Red,Wheat,130.8,75.8,59.8,NPK 20-20-20
42.9,40.3,54.8,Black,Sugarcane,69.9,39.5,34.7,DAP
36.6,64.2,64.3,Black,Maize,83.0,135.7,139.0,NPK 20-20-20
35.7,50.6,36.6,Sandy,Sugarcane,105.1,93.5,72.8,NPK 10-26-26
25.2,30.4,48.8,Sandy,Sugarcane,45.7,63.4,57.3,NPK 10-26-26
16.7,38.7,61.7,Loamy,Sugarcane,89.6,7.9,83.5,DAP
18.3,64.0,75.7,Peaty,Pulses,59.4,135.4,111.2,NPK 20-20-20
19.2,30.0,68.6,Peaty,Sugarcane,128.0,30.3,136.4,NPK 10-26-26
19.9,74.2,38.1,Loamy,Rice,62.3,6.7,2.8,DAP
18.9,56.7,68.9,Red,Millets,34.6,108.5,53.7,Urea
41.8,41.8,56.8,Clayey,Pulses,131.1,125.7,201.4,Ammonium Sulphate
38.6,80.4,58.9,Peaty,Millets,99.2,36.1,66.5,DAP
15.8,50.5,68.2,Black,Sugarcane,72.6,66.0,6.3,MOP
15.4,86.7,49.4,Black,Millets,129.4,3.5,119.2,DAP
21.6,55.7,59.1,Red,Rice,0.1,135.8,33.7,Urea
22.9,32.3,27.4,Sandy,Wheat,44.1,16.7,21.9,DAP
40.6,45.4,21.3,Sandy,Pulses,7.9,15.0,88.5,Urea
30.5,45.2,76.4,Clayey,Maize,79.4,51.4,78.1,SSP
36.8,57.1,71.4,Black,Maize,47.0,81.3,19.5,MOP
27.4,42.4,72.6,Sandy,Maize,84.8,100.3,78.5,NPK 20-20-20
32.0,56.4,24.0,Loamy,Pulses,117.9,33.1,177.6,NPK 20-20-20
15.4,48.2,61.9,Red,Maize,69.4,61.1,84.2,NPK 10-26-26
19.1,41.8,23.3,Loamy,Sugarcane,80.5,58.3,76.8,SSP
27.9,89.1,37.9,Loamy,Maize,104.9,47.7,125.2,Ammonium Sulphate
15.5,56.1,33.5,Sandy,Cotton,58.2,108.3,19.2,MOP
31.9,59.6,63.9,Black,Wheat,44.3,58.0,30.9,MOP
39.0,56.5,49.4,Red,Pulses,98.8,71.1,52.8,NPK 20-20-20
32.3,43.3,36.1,Clayey,Pulses,6.2,143.9,26.7,Urea
26.8,59.5,72.8,Peaty,Maize,75.2,7.1,0.5,DAP
35.4,37.3,26.8,Red,Millets,90.7,103.3,36.6,MOP
24.4,68.0,26.3,Clayey,Pulses,13.3,13.8,149.3,Urea
44.3,32.2,46.7,Black,Pulses,49.2,144.7,182.2,DAP
34.4,42.6,28.7,Red,Sugarcane,87.5,105.7,191.0,NPK 20-20-20
43.5,33.8,56.2,Peaty,Maize,115.7,132.5,180.4,Ammonium Sulphate
22.3,75.8,55.2,Red,Pulses,65.6,86.8,6.3,MOP
16.0,55.2,73.7,Black,Millets,89.2,23.4,185.7,DAP
19.6,85.3,65.4,Loamy,Sugarcane,99.3,29.0,43.3,DAP
21.6,56.3,66.9,Clayey,Maize,41.7,95.7,28.1,MOP
42.4,66.5,53.6,Loamy,Wheat,87.8,37.6,59.9,DAP
37.1,48.2,40.7,Sandy,Wheat,14.3,58.7,12.8,Urea
17.8,70.4,23.4,Peaty,Cotton,118.0,57.8,107.0,Ammonium Sulphate
24.0,78.2,36.3,Red,Sugarcane,28.9,36.2,69.0,Urea
28.6,74.7,32.8,Red,Sugarcane,108.7,119.1,12.2,MOP
26.3,77.6,72.5,Clayey,Millets,108.8,39.0,166.4,DAP
16.6,57.4,76.5,Loamy,Pulses,14.3,107.9,165.2,Urea
29.1,72.7,46.3,Black,Rice,98.8,132.2,133.8,NPK 20-20-20
25.8,41.0,58.6,Peaty,Cotton,120.4,17.8,88.9,DAP
43.1,39.2,20.6,Sandy,Rice,29.3,34.9,26.6,Urea
17.1,49.9,36.9,Loamy,Wheat,102.3,77.3,190.9,Ammonium Sulphate
25.8,76.7,64.3,Sandy,Cotton,92.5,137.8,149.6,NPK 10-26-26
22.2,52.4,33.8,Clayey,Millets,18.8,46.4,187.3,Urea
37.4,36.8,34.9,Loamy,Wheat,106.8,56.0,195.7,Ammonium Sulphate
43.9,55.7,31.8,Loamy,Sugarcane,95.9,18.2,161.2,Ammonium Sulphate
27.2,46.8,63.9,Red,Maize,24.0,76.8,59.4,Urea
18.5,69.3,37.0,Peaty,Sugarcane,36.7,121.6,6.6,Urea
32.0,63.7,48.5,Red,Millets,8.9,57.5,197.6,Urea
23.6,37.2,62.2,Black,Wheat,52.4,137.9,4.6,MOP
42.6,49.3,35.1,Black,Wheat,115.3,15.0,193.3,DAP
20.4,72.7,43.1,Black,Millets,109.7,139.6,26.0,MOP
29.4,52.6,41.8,Black,Millets,61.1,28.2,167.3,DAP
29.6,47.9,58.3,Peaty,Rice,33.0,105.9,8.3,SSP
23.8,30.1,33.4,Loamy,Cotton,20.9,34.9,191.9,Urea
25.9,82.4,43.7,Clayey,Wheat,29.0,54.8,64.9,Urea
23.7,64.6,24.0,Peaty,Maize,57.0,135.9,77.3,NPK 20-20-20
22.7,37.6,23.5,Loamy,Pulses,22.1,25.2,156.0,NPK 10-26-26
36.9,52.0,26.4,Black,Wheat,137.0,105.4,190.4,Ammonium Sulphate
19.9,45.0,40.5,Loamy,Maize,81.4,141.4,156.1,NPK 20-20-20
15.1,48.8,51.6,Clayey,Sugarcane,15.5,64.2,51.9,Urea
18.1,32.9,20.3,Loamy,Wheat,92.5,105.9,92.9,NPK 20-20-20
25.8,70.1,22.4,Black,Cotton,110.7,116.4,146.8,Ammonium Sulphate
22.4,89.8,26.2,Sandy,Pulses,85.9,115.1,17.5,MOP
37.8,31.3,69.0,Loamy,Pulses,84.7,69.6,167.2,DAP
18.2,34.2,55.3,Sandy,Cotton,103.9,73.9,86.6,NPK 20-20-20
15.8,50.1,78.6,Black,Pulses,113.5,115.5,26.2,MOP
35.2,83.9,46.8,Red,Wheat,109.8,13.5,106.8,DAP
39.9,87.4,61.9,Loamy,Rice,2.8,69.5,105.3,Urea
18.7,65.2,65.9,Black,Maize,106.2,115.1,126.4,Ammonium Sulphate
34.2,81.6,76.7,Red,Pulses,53.4,11.4,35.2,NPK 10-26-26
18.9,71.8,32.4,Peaty,Sugarcane,9.1,119.7,25.8,Urea
40.9,57.9,64.7,Peaty,Sugarcane,112.4,62.6,161.1,Ammonium Sulphate
43.2,59.2,47.8,Sandy,Wheat,115.0,80.4,36.9,MOP
44.0,75.2,68.7,Red,Pulses,13.7,63.3,197.3,Urea
29.7,75.8,70.0,Black,Maize,124.9,68.2,108.2,Ammonium Sulphate
40.3,51.7,20.6,Clayey,Sugarcane,98.5,94.4,198.4,NPK 20-20-20
28.5,33.8,48.6,Peaty,Rice,104.1,84.2,79.6,NPK 20-20-20
21.8,64.5,45.4,Loamy,Sugarcane,23.9,96.1,174.8,Urea
29.7,88.5,40.0,Sandy,Cotton,12.6,87.9,18.4,Urea
36.5,77.3,62.2,Peaty,Maize,38.6,117.0,75.2,Urea
40.5,80.8,41.4,Clayey,Cotton,119.1,61.5,13.6,MOP
28.5,88.8,41.0,Black,Cotton,133.7,128.7,65.2,NPK 20-20-20
37.4,52.7,48.4,Red,Wheat,1.6,18.9,63.4,NPK 20-20-20
15.0,82.3,21.8,Peaty,Maize,6.5,38.6,101.9,Urea
20.8,50.0,63.7,Red,Pulses,10.1,108.4,10.9,Urea
22.8,65.3,35.7,Peaty,Millets,33.9,40.4,183.8,Urea
36.9,85.1,74.7,Sandy,Wheat,53.5,138.7,67.6,NPK 20-20-20
42.0,46.2,68.2,Black,Sugarcane,35.4,63.3,106.6,Urea
15.5,43.2,36.9,Red,Cotton,24.0,126.6,144.5,Urea
38.5,39.3,43.5,Clayey,Sugarcane,15.5,60.8,64.9,NPK 20-20-20
17.7,60.8,33.9,Red,Cotton,113.4,19.6,96.1,DAP
20.6,88.7,79.7,Clayey,Rice,23.8,45.8,87.0,Urea
23.4,88.3,29.2,Black,Millets,0.1,86.4,187.8,Urea
20.6,69.1,62.8,Loamy,Pulses,44.7,36.6,196.0,DAP
28.7,80.8,47.1,Peaty,Pulses,21.9,61.8,110.2,Urea
30.9,53.5,57.3,Sandy,Pulses,13.3,56.6,83.4,Urea
19.6,40.6,37.1,Clayey,Cotton,102.8,95.9,167.5,MOP
32.8,50.1,69.0,Peaty,Pulses,54.3,13.9,187.5,Ammonium Sulphate
17.0,40.0,79.6,Loamy,Pulses,40.3,37.3,136.2,DAP
44.0,71.0,67.5,Black,Pulses,11.1,70.7,64.5,Urea
43.6,56.6,30.5,Loamy,Millets,120.5,10.1,138.9,DAP
25.3,33.7,36.2,Black,Maize,123.9,32.1,95.0,DAP
41.2,75.8,50.8,Black,Maize,20.3,106.8,123.3,Urea
15.3,85.7,24.0,Sandy,Millets,56.4,0.2,101.9,DAP
39.7,82.8,49.3,Peaty,Pulses,11.1,70.8,31.7,Urea
24.9,55.4,54.3,Black,Millets,55.2,142.3,155.6,NPK 20-20-20
34.3,36.1,70.7,Red,Rice,138.0,92.3,171.0,Ammonium Sulphate
25.4,45.6,45.8,Peaty,Pulses,33.6,129.7,111.2,Urea
39.3,63.3,76.8,Black,Pulses,124.2,51.9,77.6,SSP
31.4,63.2,49.8,Clayey,Pulses,82.4,59.1,133.5,SSP
43.8,60.0,26.7,Sandy,Sugarcane,67.1,130.1,80.9,NPK 20-20-20
29.6,88.4,20.5,Clayey,Cotton,130.4,139.3,2.7,MOP
34.6,31.5,23.8,Loamy,Wheat,71.7,79.2,7.0,MOP
30.0,65.6,28.9,Black,Sugarcane,126.6,144.8,202.4,Ammonium Sulphate
26.8,71.2,45.0,Peaty,Millets,43.3,87.9,107.4,Urea
22.9,30.7,51.1,Sandy,Wheat,134.8,85.5,96.6,NPK 20-20-20
42.8,79.7,39.4,Sandy,Rice,36.8,73.1,152.5,Urea
17.0,73.4,68.4,Red,Wheat,93.0,61.9,182.3,NPK 20-20-20
30.8,71.5,73.0,Sandy,Cotton,43.9,109.3,45.1,NPK 20-20-20
41.0,73.5,44.2,Red,Wheat,39.8,25.5,152.4,Urea
28.6,53.2,78.9,Red,Wheat,11.2,13.0,121.1,Urea
27.6,55.9,23.2,Black,Cotton,70.7,21.7,21.3,SSP
36.2,74.9,31.8,Sandy,Millets,116.5,52.4,43.7,SSP
37.2,55.1,64.2,Peaty,Sugarcane,112.8,36.7,51.0,DAP
17.1,31.6,35.7,Sandy,Rice,127.1,122.7,100.5,SSP
36.1,50.3,26.7,Peaty,Millets,47.5,20.7,175.9,DAP
34.8,64.0,48.3,Clayey,Wheat,102.5,12.7,137.0,DAP
16.7,38.4,63.0,Red,Cotton,56.5,19.9,103.9,NPK 20-20-20
37.9,59.6,40.3,Loamy,Millets,96.1,122.0,85.0,NPK 20-20-20
16.2,37.4,32.2,Black,Millets,48.5,94.9,145.4,NPK 20-20-20
25.7,64.6,40.5,Clayey,Millets,42.2,140.4,144.1,MOP
26.6,62.1,70.5,Clayey,Maize,57.5,104.5,104.9,NPK 20-20-20
16.3,60.2,55.1,Peaty,Sugarcane,6.9,83.2,175.0,Urea
41.3,31.1,63.9,Black,Wheat,92.0,63.7,9.2,MOP
29.1,31.7,61.4,Red,Millets,17.4,31.1,13.2,Urea
33.7,60.3,69.0,Peaty,Millets,115.4,104.9,170.7,Ammonium Sulphate
28.6,71.5,58.2,Clayey,Cotton,94.0,0.6,189.6,MOP
38.8,84.9,30.2,Peaty,Rice,130.7,136.1,187.4,Ammonium Sulphate
25.7,30.4,23.7,Sandy,Pulses,55.9,26.8,81.1,DAP
40.5,47.9,55.9,Sandy,Millets,131.9,76.4,66.6,NPK 20-20-20
25.2,31.2,41.8,Black,Millets,89.3,91.2,113.5,NPK 20-20-20
37.0,76.6,72.3,Loamy,Millets,67.6,74.5,170.0,NPK 20-20-20
32.1,61.6,22.3,Clayey,Rice,115.9,22.8,121.8,DAP
19.9,37.4,78.8,Red,Sugarcane,31.8,24.8,136.9,Urea
34.3,35.3,73.6,Sandy,Wheat,105.8,139.8,23.5,MOP
39.3,46.0,32.9,Clayey,Pulses,138.2,80.7,57.0,NPK 20-20-20
20.1,75.7,66.4,Clayey,Cotton,3.7,81.5,43.9,Urea
38.5,41.5,58.3,Black,Wheat,133.6,112.4,164.7,Ammonium Sulphate
20.6,55.5,53.0,Red,Sugarcane,85.1,57.1,54.4,SSP
35.8,68.7,61.2,Red,Sugarcane,105.7,94.1,130.7,Ammonium Sulphate
15.3,71.8,42.6,Red,Wheat,71.8,66.5,131.7,NPK 20-20-20
31.8,67.5,25.8,Clayey,Sugarcane,110.7,54.2,115.4,DAP
30.8,73.5,46.2,Loamy,Millets,47.7,43.7,118.5,NPK 10-26-26
32.4,47.2,42.0,Sandy,Maize,7.3,36.8,15.2,Urea
33.0,47.6,61.0,Black,Maize,15.8,77.4,20.8,Urea
30.2,78.5,42.1,Clayey,Pulses,48.8,103.0,74.6,NPK 20-20-20
28.6,73.2,26.4,Sandy,Millets,103.0,30.7,29.8,DAP
44.3,45.4,47.4,Black,Millets,55.6,82.8,195.4,NPK 20-20-20
39.6,62.8,22.4,Peaty,Pulses,41.0,51.9,193.0,NPK 10-26-26
23.9,64.9,76.7,Red,Pulses,115.5,40.0,190.7,Ammonium Sulphate
40.7,46.0,50.9,Black,Millets,92.4,121.2,147.3,NPK 20-20-20
16.4,86.0,62.3,Peaty,Sugarcane,46.3,109.5,67.5,NPK 20-20-20
40.6,78.1,22.5,Red,Wheat,14.3,87.2,179.1,NPK 10-26-26
23.7,35.2,76.2,Red,Wheat,80.7,114.8,66.5,NPK 20-20-20
19.1,47.5,28.7,Sandy,Millets,31.2,104.0,193.4,Urea
31.2,57.7,39.6,Peaty,Cotton,138.0,136.0,176.7,Ammonium Sulphate
29.0,69.4,73.7,Sandy,Millets,134.6,60.3,123.2,Ammonium Sulphate
43.5,44.7,64.8,Peaty,Cotton,35.3,85.1,163.2,Urea
38.8,51.6,76.3,Loamy,Wheat,83.4,4.5,34.9,DAP
27.6,60.5,23.8,Loamy,Wheat,109.8,26.9,130.0,DAP
34.2,48.6,59.4,Clayey,Rice,92.3,58.3,186.3,SSP
38.1,52.1,77.6,Clayey,Wheat,119.6,25.0,55.5,DAP
23.1,81.3,21.9,Black,Rice,38.3,29.0,47.5,Urea
31.9,30.3,45.8,Sandy,Millets,25.4,97.4,94.2,Urea
21.8,48.6,79.1,Red,Cotton,77.6,122.3,98.6,NPK 20-20-20
39.9,62.3,29.2,Peaty,Rice,57.8,127.1,25.8,MOP
30.4,54.3,29.7,Black,Millets,129.8,54.4,49.5,SSP
38.9,30.2,57.9,Black,Millets,75.2,132.1,173.5,Ammonium Sulphate
31.0,53.6,37.5,Red,Millets,63.2,72.7,106.8,NPK 20-20-20
22.7,37.2,25.9,Red,Cotton,31.3,8.1,163.5,Urea
33.8,50.3,27.6,Red,Wheat,97.4,101.3,144.3,NPK 20-20-20
42.4,59.4,47.0,Clayey,Millets,43.1,6.1,129.9,DAP
24.1,76.2,39.6,Red,Millets,23.7,112.4,26.6,Urea
30.2,71.2,58.0,Sandy,Maize,41.5,40.6,29.9,MOP
24.3,61.3,59.8,Peaty,Sugarcane,113.5,141.6,132.2,Ammonium Sulphate
44.9,83.6,50.8,Clayey,Millets,12.3,122.7,150.1,Urea
39.6,54.2,33.3,Clayey,Sugarcane,76.8,78.1,115.8,NPK 20-20-20
42.1,82.5,68.1,Red,Cotton,3.7,114.7,53.0,Urea
16.9,40.8,65.9,Loamy,Cotton,123.3,57.6,55.1,SSP
36.4,63.3,74.3,Clayey,Maize,112.7,53.6,132.9,Ammonium Sulphate
21.3,83.1,57.0,Loamy,Maize,25.5,136.6,154.8,Urea
25.1,78.6,61.7,Sandy,Maize,74.2,20.0,75.7,DAP
20.2,65.4,61.7,Black,Cotton,97.1,128.2,96.8,NPK 20-20-20
22.5,66.3,72.8,Sandy,Sugarcane,55.5,59.0,115.0,NPK 10-26-26
39.7,47.7,62.3,Sandy,Cotton,82.0,26.0,150.7,DAP
18.4,62.8,62.6,Red,Cotton,70.7,77.0,165.1,NPK 20-20-20
32.4,76.8,31.5,Clayey,Cotton,10.6,35.8,142.5,Urea
41.3,47.9,20.7,Black,Rice,80.9,54.5,109.6,SSP
42.4,46.0,47.7,Clayey,Sugarcane,81.2,104.4,19.3,MOP
23.6,75.9,52.4,Red,Pulses,3.2,99.6,60.3,Urea
24.0,40.0,44.4,Peaty,Rice,74.9,28.8,104.2,DAP
35.1,75.2,26.6,Clayey,Sugarcane,89.8,111.7,29.0,MOP
15.2,42.8,57.0,Sandy,Sugarcane,132.9,112.7,58.5,NPK 20-20-20
28.0,79.7,69.4,Black,Rice,92.6,144.9,53.9,NPK 20-20-20
35.9,39.9,28.9,Peaty,Millets,14.6,34.4,77.9,Urea
16.3,88.2,63.0,Clayey,Millets,44.6,65.0,128.4,MOP
25.6,34.4,60.4,Clayey,Maize,92.8,49.5,140.2,Urea
28.4,57.5,35.5,Peaty,Maize,101.0,40.9,171.2,Ammonium Sulphate
36.8,37.3,30.1,Red,Millets,83.1,93.6,81.3,DAP
18.2,36.7,37.5,Loamy,Rice,112.6,130.4,127.9,SSP
28.0,60.2,58.3,Red,Pulses,48.8,26.0,132.6,DAP
29.9,55.7,77.4,Clayey,Sugarcane,13.3,137.8,201.0,Urea
43.5,40.8,21.5,Sandy,Millets,82.3,8.9,196.5,DAP
35.9,67.4,31.3,Loamy,Sugarcane,100.8,76.8,81.1,NPK 20-20-20
33.3,86.3,60.3,Clayey,Wheat,64.5,129.2,19.4,MOP
43.5,34.7,76.0,Clayey,Sugarcane,118.3,60.7,90.4,NPK 20-20-20
38.2,32.0,55.6,Black,Cotton,48.4,50.5,96.2,NPK 10-26-26
18.2,38.7,22.0,Loamy,Cotton,133.6,16.8,194.0,DAP
34.1,68.7,69.6,Loamy,Cotton,70.7,101.1,120.3,NPK 20-20-20
17.2,71.4,52.0,Peaty,Maize,47.6,90.0,182.7,NPK 20-20-20
39.7,54.1,26.1,Loamy,Rice,7.2,55.1,69.1,Urea
37.3,33.1,33.3,Clayey,Millets,47.2,2.1,31.5,DAP
17.1,60.6,47.3,Clayey,Wheat,62.4,32.6,149.0,DAP
19.6,84.9,23.9,Loamy,Maize,55.8,2.8,158.4,DAP
16.3,69.2,66.4,Loamy,Cotton,69.1,29.8,151.1,DAP
22.4,84.2,26.3,Sandy,Wheat,120.4,99.7,192.4,Ammonium Sulphate
20.7,56.5,24.3,Sandy,Sugarcane,54.2,81.6,164.6,NPK 20-20-20
22.0,89.7,77.4,Clayey,Wheat,14.8,96.4,58.7,Urea
43.1,31.1,46.3,Loamy,Maize,67.7,72.7,65.9,Ammonium Sulphate
19.9,55.0,70.0,Clayey,Pulses,44.5,77.1,104.8,NPK 20-20-20
29.4,71.9,75.3,Loamy,Sugarcane,27.4,93.0,167.5,Urea
22.7,45.8,22.4,Peaty,Rice,104.2,6.9,45.0,DAP
38.5,57.3,61.9,Clayey,Maize,22.4,57.7,118.9,Urea
17.1,60.4,39.7,Clayey,Rice,10.5,132.6,4.2,Urea
28.9,54.8,35.4,Sandy,Wheat,38.5,15.9,135.3,Urea
38.0,42.4,74.0,Red,Cotton,16.0,58.1,42.4,Urea
30.2,70.3,74.7,Peaty,Millets,135.2,136.5,177.3,Ammonium Sulphate
19.2,43.1,58.9,Loamy,Sugarcane,67.1,2.5,150.4,Urea
36.6,76.2,47.7,Loamy,Sugarcane,36.5,23.6,69.0,Urea
32.3,37.9,47.5,Black,Maize,117.9,45.5,171.9,Ammonium Sulphate
36.8,60.6,57.3,Black,Millets,107.5,61.7,93.8,NPK 20-20-20
40.0,69.6,40.9,Peaty,Pulses,89.9,135.0,172.5,NPK 20-20-20
25.2,76.8,54.5,Peaty,Cotton,34.7,11.6,14.3,Urea
43.2,30.1,63.5,Sandy,Pulses,123.8,31.1,130.0,DAP
44.6,40.8,66.0,Black,Wheat,24.6,61.1,162.7,Urea
31.1,89.7,43.9,Black,Cotton,51.1,57.0,142.6,NPK 10-26-26
31.3,76.1,25.4,Black,Rice,2.8,36.7,106.1,NPK 20-20-20
29.6,72.7,72.1,Red,Rice,45.8,19.7,48.6,DAP
44.1,58.0,38.3,Sandy,Wheat,42.7,37.2,121.7,Urea
18.4,79.7,35.1,Black,Wheat,122.9,110.9,4.5,MOP
23.2,68.9,63.3,Clayey,Millets,66.6,144.2,200.9,NPK 20-20-20
32.2,53.9,41.9,Loamy,Pulses,125.4,23.6,204.1,Ammonium Sulphate
19.7,77.4,41.5,Black,Pulses,138.8,42.6,145.6,Urea
39.5,35.1,57.4,Sandy,Wheat,6.1,131.1,108.2,Urea
40.2,87.0,72.2,Loamy,Pulses,46.5,22.5,174.1,DAP
43.0,78.4,61.6,Sandy,Sugarcane,59.9,28.6,186.7,DAP
23.6,61.0,35.8,Peaty,Wheat,36.6,72.0,85.8,Urea
37.0,64.5,69.3,Peaty,Pulses,135.0,31.5,146.4,DAP
23.4,40.8,53.2,Clayey,Cotton,11.8,117.7,147.4,Urea
18.0,73.1,60.8,Red,Rice,5.8,3.4,76.5,NPK 20-20-20
42.9,50.6,77.8,Sandy,Millets,88.3,84.1,75.9,Ammonium Sulphate
37.6,58.3,29.0,Peaty,Millets,132.7,53.2,186.1,Ammonium Sulphate
31.3,31.2,51.3,Sandy,Wheat,32.8,83.9,132.7,Urea
38.3,48.7,54.1,Loamy,Pulses,133.4,56.0,161.3,Ammonium Sulphate
17.5,79.4,60.6,Red,Sugarcane,11.2,121.4,16.2,NPK 20-20-20
19.0,84.8,48.2,Sandy,Pulses,129.9,76.9,72.5,NPK 20-20-20
28.3,49.1,63.4,Clayey,Rice,32.8,85.3,117.0,Urea
31.5,59.5,53.9,Clayey,Wheat,15.3,108.7,27.9,MOP
39.9,85.9,65.0,Red,Wheat,67.9,120.4,194.9,NPK 20-20-20
25.6,66.2,38.7,Sandy,Maize,85.1,31.9,98.2,DAP
24.7,34.8,55.0,Sandy,Wheat,67.9,131.4,171.2,Urea
